Time,emr-header-1/used,emr-worker-10/used,emr-worker-11/used,emr-worker-3/used,emr-worker-4/used,emr-worker-5/used,emr-worker-6/used,emr-worker-7/used,emr-worker-8/used,emr-worker-9/used,,
0:00:00,9368371200.00 ,3261317120.00 ,3329937408.00 ,3157245952.00 ,3181633536.00 ,3187593216.00 ,3206983680.00 ,3212525568.00 ,3305791488.00 ,3243704320.00 ,,38455103488.00 
0:00:15,9366257664.00 ,3260583936.00 ,3327426560.00 ,3158577152.00 ,3183685632.00 ,3188113408.00 ,3208691712.00 ,3213545472.00 ,3306029056.00 ,3246313472.00 ,,38459224064.00 
0:00:30,9370619904.00 ,3275272192.00 ,3336507392.00 ,3158044672.00 ,3182571520.00 ,3187478528.00 ,3203411968.00 ,3213619200.00 ,3319488512.00 ,3243663360.00 ,,38490677248.00 
0:00:45,9373548544.00 ,3260923904.00 ,3324264448.00 ,3158618112.00 ,3185037312.00 ,3181678592.00 ,3203555328.00 ,3205038080.00 ,3309772800.00 ,3240165376.00 ,,38442602496.00 
0:01:00,9370488832.00 ,3252924416.00 ,3325280256.00 ,3158749184.00 ,3183517696.00 ,3182342144.00 ,3201085440.00 ,3207180288.00 ,3308716032.00 ,3240161280.00 ,,38430445568.00 
0:01:15,9361207296.00 ,3253833728.00 ,3322294272.00 ,3163693056.00 ,3184713728.00 ,3180773376.00 ,3200684032.00 ,3208421376.00 ,3310940160.00 ,3240501248.00 ,,38427062272.00 
0:01:30,9364324352.00 ,3253186560.00 ,3322011648.00 ,3152166912.00 ,3185340416.00 ,3180761088.00 ,3200290816.00 ,3206782976.00 ,3323432960.00 ,3246239744.00 ,,38434537472.00 
0:01:45,9377165312.00 ,3253293056.00 ,3318284288.00 ,3152470016.00 ,3191500800.00 ,3178094592.00 ,3201998848.00 ,3205005312.00 ,3309617152.00 ,3240849408.00 ,,38428278784.00 
0:02:00,9362423808.00 ,3253710848.00 ,3320291328.00 ,3150757888.00 ,3183652864.00 ,3180871680.00 ,3196338176.00 ,3208151040.00 ,3307487232.00 ,3239587840.00 ,,38403272704.00 
0:02:15,9358086144.00 ,3252649984.00 ,3321921536.00 ,3152609280.00 ,3182477312.00 ,3181735936.00 ,3200655360.00 ,3209875456.00 ,3312078848.00 ,3239936000.00 ,,38412025856.00 
0:02:30,9362714624.00 ,3248308224.00 ,3319152640.00 ,3152429056.00 ,3190837248.00 ,3177922560.00 ,3201191936.00 ,3205013504.00 ,3317911552.00 ,3240624128.00 ,,38416105472.00 
0:02:45,9358307328.00 ,3253186560.00 ,3332345856.00 ,3151060992.00 ,3189583872.00 ,3178827776.00 ,3213869056.00 ,3204325376.00 ,3306012672.00 ,3239247872.00 ,,38426767360.00 
0:03:00,9361276928.00 ,3253280768.00 ,3320635392.00 ,3148759040.00 ,3187974144.00 ,3184373760.00 ,3199340544.00 ,3204763648.00 ,3312537600.00 ,3236843520.00 ,,38409785344.00 
0:03:15,9355378688.00 ,3252092928.00 ,3320901632.00 ,3152084992.00 ,3203125248.00 ,3184762880.00 ,3201531904.00 ,3209293824.00 ,3316445184.00 ,3238961152.00 ,,38434578432.00 
0:03:30,9381470208.00 ,3248480256.00 ,3320250368.00 ,3156086784.00 ,3193032704.00 ,3183882240.00 ,3201429504.00 ,3211538432.00 ,3325906944.00 ,3242426368.00 ,,38464503808.00 
0:03:45,9359208448.00 ,3271974912.00 ,3317784576.00 ,3154964480.00 ,3189755904.00 ,3190390784.00 ,3199840256.00 ,3208667136.00 ,3312930816.00 ,3244433408.00 ,,38449950720.00 
0:04:00,9362194432.00 ,3258544128.00 ,3321196544.00 ,3153367040.00 ,3190489088.00 ,3191566336.00 ,3201478656.00 ,3209523200.00 ,3313418240.00 ,3242504192.00 ,,38444281856.00 
0:04:15,9357074432.00 ,3259392000.00 ,3320172544.00 ,3155042304.00 ,3191054336.00 ,3192774656.00 ,3199561728.00 ,3210354688.00 ,3314020352.00 ,3244527616.00 ,,38443974656.00 
0:04:30,9354235904.00 ,3255435264.00 ,3319300096.00 ,3155267584.00 ,3197890560.00 ,3190628352.00 ,3200131072.00 ,3207520256.00 ,3325046784.00 ,3242668032.00 ,,38448123904.00 
0:04:45,9354555392.00 ,3258884096.00 ,3316822016.00 ,3155881984.00 ,3198484480.00 ,3192782848.00 ,3199930368.00 ,3206893568.00 ,3313999872.00 ,3243503616.00 ,,38441738240.00 
0:05:00,9378848768.00 ,3257405440.00 ,3320938496.00 ,3154259968.00 ,3200872448.00 ,3200679936.00 ,3198627840.00 ,3212525568.00 ,3320504320.00 ,3243569152.00 ,,38488231936.00 
0:05:15,9357512704.00 ,3259158528.00 ,3320332288.00 ,3159175168.00 ,3196657664.00 ,3197276160.00 ,3199668224.00 ,3210141696.00 ,3314958336.00 ,3242196992.00 ,,38457077760.00 
0:05:30,9370386432.00 ,3254247424.00 ,3322540032.00 ,3159105536.00 ,3197419520.00 ,3195408384.00 ,3198550016.00 ,3207163904.00 ,3324837888.00 ,3242897408.00 ,,38472556544.00 
0:05:45,9364541440.00 ,3257421824.00 ,3315240960.00 ,3159699456.00 ,3198717952.00 ,3197190144.00 ,3198984192.00 ,3206090752.00 ,3313451008.00 ,3241988096.00 ,,38453325824.00 
0:06:00,9368965120.00 ,3257786368.00 ,3318243328.00 ,3157983232.00 ,3199840256.00 ,3196297216.00 ,3198894080.00 ,3208765440.00 ,3312992256.00 ,3242102784.00 ,,38461870080.00 
0:06:15,9367171072.00 ,3259322368.00 ,3317633024.00 ,3159334912.00 ,3199303680.00 ,3196784640.00 ,3202580480.00 ,3209797632.00 ,3310501888.00 ,3244871680.00 ,,38467301376.00 
0:06:30,9356849152.00 ,3265597440.00 ,3324174336.00 ,3157307392.00 ,3198832640.00 ,3194179584.00 ,3200102400.00 ,3210268672.00 ,3321344000.00 ,3255484416.00 ,,38484140032.00 
0:06:45,9366589440.00 ,3260633088.00 ,3324092416.00 ,3158540288.00 ,3208790016.00 ,3195674624.00 ,3200663552.00 ,3209568256.00 ,3307917312.00 ,3241107456.00 ,,38473576448.00 
0:07:00,9364209664.00 ,3258540032.00 ,3326058496.00 ,3161657344.00 ,3203112960.00 ,3194494976.00 ,3200909312.00 ,3209154560.00 ,3309785088.00 ,3242737664.00 ,,38470660096.00 
0:07:15,9355083776.00 ,3262992384.00 ,3323944960.00 ,3158061056.00 ,3201966080.00 ,3212070912.00 ,3200782336.00 ,3216408576.00 ,3310477312.00 ,3245359104.00 ,,38487146496.00 
0:07:30,9355145216.00 ,3259637760.00 ,3324764160.00 ,3160498176.00 ,3198136320.00 ,3196801024.00 ,3202011136.00 ,3210956800.00 ,3322925056.00 ,3245584384.00 ,,38476460032.00 
0:07:45,9355399168.00 ,3260841984.00 ,3331084288.00 ,3162599424.00 ,3200233472.00 ,3203874816.00 ,3201839104.00 ,3209400320.00 ,3317596160.00 ,3248062464.00 ,,38490931200.00 
0:08:00,9362001920.00 ,3261435904.00 ,3328856064.00 ,3162316800.00 ,3201449984.00 ,3196866560.00 ,3198918656.00 ,3211317248.00 ,3310854144.00 ,3247083520.00 ,,38481100800.00 
0:08:15,9379840000.00 ,3262722048.00 ,3343450112.00 ,3162849280.00 ,3197214720.00 ,3196268544.00 ,3199197184.00 ,3211161600.00 ,3311681536.00 ,3248353280.00 ,,38512738304.00 
0:08:30,9368776704.00 ,3259658240.00 ,3327922176.00 ,3162763264.00 ,3193466880.00 ,3196628992.00 ,3201871872.00 ,3213127680.00 ,3323416576.00 ,3246915584.00 ,,38494547968.00 
0:08:45,9363881984.00 ,3262377984.00 ,3326451712.00 ,3163856896.00 ,3194830848.00 ,3197054976.00 ,3201536000.00 ,3210682368.00 ,3311357952.00 ,3247919104.00 ,,38479949824.00 
0:09:00,9363955712.00 ,3263696896.00 ,3326468096.00 ,3164475392.00 ,3194265600.00 ,3199434752.00 ,3196067840.00 ,3212222464.00 ,3322355712.00 ,3255181312.00 ,,38498123776.00 
0:09:15,9359118336.00 ,3265888256.00 ,3328270336.00 ,3169349632.00 ,3194073088.00 ,3196669952.00 ,3199356928.00 ,3206287360.00 ,3310055424.00 ,3260850176.00 ,,38489919488.00 
0:09:30,9357398016.00 ,3261534208.00 ,3334041600.00 ,3170484224.00 ,3208634368.00 ,3195748352.00 ,3197566976.00 ,3205251072.00 ,3326500864.00 ,3248857088.00 ,,38506016768.00 
0:09:45,9356242944.00 ,3267473408.00 ,3326423040.00 ,3165741056.00 ,3196973056.00 ,3195236352.00 ,3204861952.00 ,3206885376.00 ,3313319936.00 ,3246948352.00 ,,38480105472.00 
0:10:00,9370681344.00 ,3266068480.00 ,3328438272.00 ,3165294592.00 ,3197767680.00 ,3192786944.00 ,3194515456.00 ,3219496960.00 ,3311308800.00 ,3248144384.00 ,,38494502912.00 
0:10:15,9353277440.00 ,3266912256.00 ,3331489792.00 ,3163779072.00 ,3198267392.00 ,3194576896.00 ,3203645440.00 ,3211079680.00 ,3311456256.00 ,3248558080.00 ,,38483042304.00 
0:10:30,9358979072.00 ,3262550016.00 ,3340931072.00 ,3164766208.00 ,3199201280.00 ,3206459392.00 ,3200065536.00 ,3210694656.00 ,3334041600.00 ,3252994048.00 ,,38530682880.00 
0:10:45,9358798848.00 ,3264606208.00 ,3327590400.00 ,3165569024.00 ,3200016384.00 ,3200737280.00 ,3201183744.00 ,3207557120.00 ,3309215744.00 ,3250974720.00 ,,38486249472.00 
0:11:00,9362022400.00 ,3265830912.00 ,3329138688.00 ,3165523968.00 ,3198291968.00 ,3198750720.00 ,3202887680.00 ,3209854976.00 ,3312418816.00 ,3249618944.00 ,,38494339072.00 
0:11:15,9365323776.00 ,3265703936.00 ,3332341760.00 ,3165638656.00 ,3199434752.00 ,3200806912.00 ,3206692864.00 ,3211948032.00 ,3311312896.00 ,3251400704.00 ,,38510604288.00 
0:11:30,9456201728.00 ,3262906368.00 ,3331043328.00 ,3166502912.00 ,3200344064.00 ,3199713280.00 ,3206144000.00 ,3213250560.00 ,3322523648.00 ,3247230976.00 ,,38605860864.00 
0:11:45,9363009536.00 ,3262795776.00 ,3328118784.00 ,3166216192.00 ,3200102400.00 ,3199254528.00 ,3207917568.00 ,3214364672.00 ,3310596096.00 ,3249790976.00 ,,38502166528.00 
0:12:00,9363259392.00 ,3266269184.00 ,3330097152.00 ,3164737536.00 ,3198681088.00 ,3199750144.00 ,3202334720.00 ,3214479360.00 ,3311030272.00 ,3259899904.00 ,,38510538752.00 
0:12:15,9362489344.00 ,3266281472.00 ,3330244608.00 ,3164401664.00 ,3212181504.00 ,3196698624.00 ,3204419584.00 ,3213807616.00 ,3309170688.00 ,3251093504.00 ,,38510788608.00 
0:12:30,9365663744.00 ,3269390336.00 ,3332861952.00 ,3165126656.00 ,3198693376.00 ,3197190144.00 ,3205390336.00 ,3213168640.00 ,3319578624.00 ,3250814976.00 ,,38517878784.00 
0:12:45,9362755584.00 ,3265617920.00 ,3332300800.00 ,3165040640.00 ,3198980096.00 ,3199463424.00 ,3205681152.00 ,3218227200.00 ,3309711360.00 ,3249229824.00 ,,38507008000.00 
0:13:00,9362710528.00 ,3266138112.00 ,3332849664.00 ,3162996736.00 ,3197358080.00 ,3197530112.00 ,3202818048.00 ,3215937536.00 ,3308851200.00 ,3248726016.00 ,,38495916032.00 
0:13:15,9365843968.00 ,3265626112.00 ,3345108992.00 ,3161821184.00 ,3199709184.00 ,3204608000.00 ,3205419008.00 ,3213037568.00 ,3320492032.00 ,3251765248.00 ,,38533431296.00 
0:13:30,9364942848.00 ,3262656512.00 ,3332468736.00 ,3162554368.00 ,3199361024.00 ,3196907520.00 ,3204931584.00 ,3211653120.00 ,3323297792.00 ,3250479104.00 ,,38509252608.00 
0:13:45,9370611712.00 ,3267751936.00 ,3328516096.00 ,3164893184.00 ,3195863040.00 ,3196334080.00 ,3203833856.00 ,3213615104.00 ,3308220416.00 ,3247661056.00 ,,38497300480.00 
0:14:00,9375498240.00 ,3266711552.00 ,3333373952.00 ,3162619904.00 ,3197943808.00 ,3197603840.00 ,3205443584.00 ,3212865536.00 ,3307999232.00 ,3250446336.00 ,,38510505984.00 
0:14:15,9374658560.00 ,3265609728.00 ,3332591616.00 ,3165765632.00 ,3197202432.00 ,3199225856.00 ,3204808704.00 ,3213516800.00 ,3310592000.00 ,3258871808.00 ,,38522843136.00 
0:14:30,9361285120.00 ,3264266240.00 ,3334594560.00 ,3163234304.00 ,3200180224.00 ,3194527744.00 ,3208327168.00 ,3211227136.00 ,3321323520.00 ,3250876416.00 ,,38509842432.00 
0:14:45,9453801472.00 ,3266314240.00 ,3329126400.00 ,3174858752.00 ,3197755392.00 ,3195641856.00 ,3206340608.00 ,3212349440.00 ,3308208128.00 ,3248898048.00 ,,38593294336.00 
0:15:00,9361338368.00 ,3264770048.00 ,3334787072.00 ,3163799552.00 ,3201810432.00 ,3196280832.00 ,3202535424.00 ,3226746880.00 ,3311673344.00 ,3247988736.00 ,,38511730688.00 
0:15:15,9361801216.00 ,3264696320.00 ,3335032832.00 ,3162873856.00 ,3199651840.00 ,3198631936.00 ,3205222400.00 ,3215609856.00 ,3310669824.00 ,3249623040.00 ,,38503813120.00 
0:15:30,9360314368.00 ,3263492096.00 ,3341737984.00 ,3163234304.00 ,3200659456.00 ,3195461632.00 ,3204759552.00 ,3216404480.00 ,3321126912.00 ,3247968256.00 ,,38515159040.00 
0:15:45,9356853248.00 ,3274915840.00 ,3333545984.00 ,3165548544.00 ,3200303104.00 ,3197931520.00 ,3206217728.00 ,3217047552.00 ,3307417600.00 ,3249090560.00 ,,38508871680.00 
0:16:00,9363628032.00 ,3268337664.00 ,3332595712.00 ,3163070464.00 ,3198320640.00 ,3208318976.00 ,3204907008.00 ,3217563648.00 ,3323039744.00 ,3250151424.00 ,,38529933312.00 
0:16:15,9364090880.00 ,3269582848.00 ,3337138176.00 ,3165134848.00 ,3201363968.00 ,3198423040.00 ,3204939776.00 ,3219914752.00 ,3314614272.00 ,3250765824.00 ,,38525968384.00 
0:16:30,9386496000.00 ,3262431232.00 ,3336306688.00 ,3163717632.00 ,3200409600.00 ,3198345216.00 ,3208544256.00 ,3218079744.00 ,3325964288.00 ,3251552256.00 ,,38551846912.00 
0:16:45,9371328512.00 ,3266306048.00 ,3333906432.00 ,3166756864.00 ,3200929792.00 ,3203964928.00 ,3203616768.00 ,3220615168.00 ,3318632448.00 ,3250712576.00 ,,38536769536.00 
0:17:00,9365852160.00 ,3267407872.00 ,3335884800.00 ,3165872128.00 ,3200532480.00 ,3200954368.00 ,3204939776.00 ,3218870272.00 ,3316183040.00 ,3254702080.00 ,,38531198976.00 
0:17:15,9360752640.00 ,3268526080.00 ,3334361088.00 ,3167526912.00 ,3205541888.00 ,3201777664.00 ,3207655424.00 ,3217821696.00 ,3316424704.00 ,3253030912.00 ,,38533419008.00 
0:17:30,9360756736.00 ,3264221184.00 ,3334098944.00 ,3166769152.00 ,3196891136.00 ,3200208896.00 ,3206094848.00 ,3219136512.00 ,3328139264.00 ,3253366784.00 ,,38529683456.00 
0:17:45,9562083328.00 ,3268685824.00 ,3333640192.00 ,3169710080.00 ,3208798208.00 ,3202334720.00 ,3206205440.00 ,3219488768.00 ,3318480896.00 ,3256025088.00 ,,38745452544.00 
0:18:00,9961795584.00 ,3648561152.00 ,3696373760.00 ,3551236096.00 ,3568250880.00 ,4314279936.00 ,3580276736.00 ,3552739328.00 ,3675181056.00 ,3622629376.00 ,,43171323904.00 
0:18:15,9881182208.00 ,3657846784.00 ,3782770688.00 ,3615612928.00 ,3652968448.00 ,8481542144.00 ,3635060736.00 ,3657682944.00 ,3744845824.00 ,3683450880.00 ,,47792963584.00 
0:18:30,9890803712.00 ,3763847168.00 ,7171829760.00 ,7069290496.00 ,6916485120.00 ,8567160832.00 ,7158153216.00 ,5793120256.00 ,7264698368.00 ,7139680256.00 ,,70735069184.00 
0:18:45,9889562624.00 ,3768508416.00 ,9094483968.00 ,8921505792.00 ,8901353472.00 ,9115496448.00 ,8977547264.00 ,8803835904.00 ,9081405440.00 ,9027571712.00 ,,85581271040.00 
0:19:00,9892257792.00 ,3774812160.00 ,10363752448.00 ,10175819776.00 ,10092359680.00 ,9953587200.00 ,10236289024.00 ,10080731136.00 ,10346598400.00 ,10284400640.00 ,,95200608256.00 
0:19:15,9889345536.00 ,3787972608.00 ,11526508544.00 ,11355152384.00 ,11430305792.00 ,11211866112.00 ,11415703552.00 ,11305889792.00 ,11530809344.00 ,11475931136.00 ,,104929484800.00 
0:19:30,9897873408.00 ,3810893824.00 ,12924506112.00 ,12759924736.00 ,12825047040.00 ,12710313984.00 ,12810027008.00 ,12688429056.00 ,12932952064.00 ,12844265472.00 ,,116204232704.00 
0:19:45,9896697856.00 ,3822489600.00 ,14296309760.00 ,14130073600.00 ,14217973760.00 ,14054592512.00 ,14218309632.00 ,13986271232.00 ,14316187648.00 ,14233784320.00 ,,127172689920.00 
0:20:00,9886633984.00 ,3831984128.00 ,15346130944.00 ,15326027776.00 ,15232606208.00 ,15086043136.00 ,15387729920.00 ,15220813824.00 ,15351635968.00 ,15237541888.00 ,,135907147776.00 
0:20:15,9896980480.00 ,3853299712.00 ,16024358912.00 ,15859331072.00 ,15845490688.00 ,15677005824.00 ,15911890944.00 ,15849512960.00 ,15997431808.00 ,15817375744.00 ,,140732678144.00 
0:20:30,9889718272.00 ,4163207168.00 ,16057987072.00 ,15873605632.00 ,15896129536.00 ,15717289984.00 ,15924523008.00 ,15915429888.00 ,16015532032.00 ,15833530368.00 ,,141286952960.00 
0:20:45,9883320320.00 ,3240525824.00 ,3313348608.00 ,3148529664.00 ,3196944384.00 ,3195310080.00 ,3192098816.00 ,3208871936.00 ,3299889152.00 ,3242872832.00 ,,38921711616.00 
,,,,,,,,,,,,
,9961795584.00 ,4163207168.00 ,16057987072.00 ,15873605632.00 ,15896129536.00 ,15717289984.00 ,15924523008.00 ,15915429888.00 ,16015532032.00 ,15833530368.00 ,,141359030272.00 
,,,,,,,,,,,,
0:21:00,9366945792.00 ,3237384192.00 ,3321077760.00 ,3146719232.00 ,3194724352.00 ,3191152640.00 ,3193724928.00 ,3208282112.00 ,3298578432.00 ,3243925504.00 ,,38402514944.00 
0:21:15,9508671488.00 ,3246383104.00 ,3313360896.00 ,3143225344.00 ,3196198912.00 ,3192537088.00 ,3195609088.00 ,3207864320.00 ,3297071104.00 ,3242242048.00 ,,38543163392.00 
0:21:30,9368924160.00 ,3249119232.00 ,3313242112.00 ,3142508544.00 ,3192946688.00 ,3203256320.00 ,3219279872.00 ,3207913472.00 ,3327180800.00 ,3238694912.00 ,,38463066112.00 
0:21:45,9366130688.00 ,3244351488.00 ,3307732992.00 ,3142524928.00 ,3193163776.00 ,3193319424.00 ,3201126400.00 ,3207450624.00 ,3297644544.00 ,3240382464.00 ,,38393827328.00 
0:22:00,9378230272.00 ,3245305856.00 ,3308904448.00 ,3140993024.00 ,3194122240.00 ,3193352192.00 ,3199660032.00 ,3207249920.00 ,3298713600.00 ,3254534144.00 ,,38421065728.00 
0:22:15,9374638080.00 ,3252551680.00 ,3310129152.00 ,3148824576.00 ,3192283136.00 ,3193155584.00 ,3200479232.00 ,3206516736.00 ,3294068736.00 ,3240706048.00 ,,38413352960.00 
0:22:30,9365643264.00 ,3249774592.00 ,3310309376.00 ,3148763136.00 ,3190358016.00 ,3191492608.00 ,3200008192.00 ,3205083136.00 ,3309727744.00 ,3240706048.00 ,,38411866112.00 
0:22:45,9360896000.00 ,3490365440.00 ,3308515328.00 ,3203502080.00 ,3200999424.00 ,3189288960.00 ,3260399616.00 ,3204870144.00 ,3325870080.00 ,3294855168.00 ,,38839562240.00 
0:23:00,9904304128.00 ,7755292672.00 ,4435046400.00 ,12090617856.00 ,7825375232.00 ,7804596224.00 ,4335788032.00 ,11818463232.00 ,7758065664.00 ,4372537344.00 ,,78100086784.00 
0:23:15,9889013760.00 ,8728788992.00 ,4739538944.00 ,13948702720.00 ,7985823744.00 ,7963316224.00 ,4643942400.00 ,14007189504.00 ,7959072768.00 ,4670664704.00 ,,84536053760.00 
0:23:30,9885204480.00 ,8811036672.00 ,4837634048.00 ,14184771584.00 ,8048541696.00 ,8021544960.00 ,4770357248.00 ,14038380544.00 ,8026959872.00 ,4766093312.00 ,,85390524416.00 
0:23:45,9882349568.00 ,8900587520.00 ,11603685376.00 ,14282629120.00 ,11847327744.00 ,11860045824.00 ,12602396672.00 ,14100803584.00 ,12469182464.00 ,11616030720.00 ,,119165038592.00 
0:24:00,9888669696.00 ,9395884032.00 ,15915999232.00 ,15666147328.00 ,15810220032.00 ,15839567872.00 ,15757934592.00 ,15566901248.00 ,15920488448.00 ,15831359488.00 ,,145593171968.00 
0:24:15,9884528640.00 ,11160424448.00 ,18613522432.00 ,19097477120.00 ,18477600768.00 ,18536996864.00 ,18811527168.00 ,18845372416.00 ,18967076864.00 ,18880352256.00 ,,171274878976.00 
0:24:30,10008223744.00 ,13009973248.00 ,22331531264.00 ,22594588672.00 ,21986902016.00 ,22071582720.00 ,22409089024.00 ,22334656512.00 ,22605836288.00 ,22472380416.00 ,,201824763904.00 
0:24:45,9891590144.00 ,14471757824.00 ,25352495104.00 ,25875054592.00 ,25230548992.00 ,25320706048.00 ,25625350144.00 ,25618423808.00 ,25821675520.00 ,25697632256.00 ,,228905234432.00 
0:25:00,9880788992.00 ,16102924288.00 ,28487315456.00 ,29035982848.00 ,28265324544.00 ,28603420672.00 ,28397129728.00 ,28429615104.00 ,28592013312.00 ,28452216832.00 ,,254246731776.00 
0:25:15,9879527424.00 ,16884654080.00 ,30053502976.00 ,30492065792.00 ,29946302464.00 ,30176935936.00 ,29941522432.00 ,30244511744.00 ,30191738880.00 ,30021693440.00 ,,267832455168.00 
0:25:30,9882021888.00 ,16987136000.00 ,30229565440.00 ,30738321408.00 ,30202720256.00 ,30391275520.00 ,30151372800.00 ,30630567936.00 ,30390468608.00 ,30215811072.00 ,,269819260928.00 
0:25:45,9874620416.00 ,16988782592.00 ,30298578944.00 ,30785568768.00 ,30220378112.00 ,30431662080.00 ,30210678784.00 ,30654906368.00 ,30409388032.00 ,30257291264.00 ,,270131855360.00 
0:26:00,9879826432.00 ,16991420416.00 ,30302429184.00 ,30798229504.00 ,30234505216.00 ,30427840512.00 ,30216179712.00 ,30656679936.00 ,30405193728.00 ,30263828480.00 ,,270176133120.00 
0:26:15,9883688960.00 ,17010728960.00 ,30310105088.00 ,30797402112.00 ,30243340288.00 ,30441926656.00 ,30227496960.00 ,30667755520.00 ,30407819264.00 ,30280658944.00 ,,270270922752.00 
0:26:30,9877860352.00 ,17008926720.00 ,30318657536.00 ,30801547264.00 ,30245421056.00 ,30437146624.00 ,30220845056.00 ,30664491008.00 ,30424526848.00 ,30275936256.00 ,,270275358720.00 
0:26:45,9878081536.00 ,17009274880.00 ,30312767488.00 ,30798868480.00 ,30242414592.00 ,30434091008.00 ,30225469440.00 ,30666313728.00 ,30406311936.00 ,30273228800.00 ,,270246821888.00 
0:27:00,9888919552.00 ,17009561600.00 ,30312988672.00 ,30801551360.00 ,30247837696.00 ,30443917312.00 ,30225158144.00 ,30664007680.00 ,30419263488.00 ,30274416640.00 ,,270287622144.00 
0:27:15,9889054720.00 ,17004040192.00 ,30310129664.00 ,30800502784.00 ,30242422784.00 ,30439579648.00 ,30224318464.00 ,30666706944.00 ,30410752000.00 ,30275641344.00 ,,270263148544.00 
0:27:30,9894445056.00 ,3520884736.00 ,3310120960.00 ,3148173312.00 ,3198201856.00 ,3200638976.00 ,3203829760.00 ,3209891840.00 ,3298795520.00 ,3241177088.00 ,,39226159104.00 
0:27:45,9812848640.00 ,3250495488.00 ,3301322752.00 ,3147792384.00 ,3199373312.00 ,3182911488.00 ,3205107712.00 ,3208069120.00 ,3281666048.00 ,3233386496.00 ,,38822973440.00 
,,,,,,,,,,,,
,10008223744.00 ,17010728960.00 ,30318657536.00 ,30801551360.00 ,30247837696.00 ,30443917312.00 ,30227496960.00 ,30667755520.00 ,30424526848.00 ,30280658944.00 ,,270431354880.00 
,,,,,,,,,,,,
0:28:00,9372336128.00 ,3250561024.00 ,3303784448.00 ,3146031104.00 ,3193438208.00 ,3182342144.00 ,3206946816.00 ,3200155648.00 ,3280936960.00 ,3239743488.00 ,,38376275968.00 
0:28:15,9360957440.00 ,3250581504.00 ,3303976960.00 ,3146690560.00 ,3194474496.00 ,3181453312.00 ,3207024640.00 ,3200843776.00 ,3282522112.00 ,3240464384.00 ,,38368989184.00 
0:28:30,9367785472.00 ,3245965312.00 ,3300827136.00 ,3145256960.00 ,3193737216.00 ,3181547520.00 ,3206983680.00 ,3199021056.00 ,3296804864.00 ,3239100416.00 ,,38377029632.00 
0:28:45,9377615872.00 ,3247538176.00 ,3298275328.00 ,3145859072.00 ,3193221120.00 ,3179483136.00 ,3204513792.00 ,3198099456.00 ,3279908864.00 ,3244302336.00 ,,38368817152.00 
0:29:00,9369227264.00 ,3247915008.00 ,3302969344.00 ,3156893696.00 ,3192176640.00 ,3181465600.00 ,3202387968.00 ,3200745472.00 ,3281780736.00 ,3245277184.00 ,,38380838912.00 
0:29:15,9364348928.00 ,3248373760.00 ,3302780928.00 ,3143725056.00 ,3193548800.00 ,3181862912.00 ,3203883008.00 ,3200385024.00 ,3281399808.00 ,3252973568.00 ,,38373281792.00 
0:29:30,9378521088.00 ,3241652224.00 ,3303620608.00 ,3144245248.00 ,3193835520.00 ,3179896832.00 ,3204763648.00 ,3197816832.00 ,3296927744.00 ,3243655168.00 ,,38384934912.00 
0:29:45,9909420032.00 ,11300941824.00 ,11244728320.00 ,14922555392.00 ,15391002624.00 ,11636113408.00 ,8478552064.00 ,7701929984.00 ,7936565248.00 ,12275380224.00 ,,110797189120.00 
0:30:00,9901232128.00 ,12882096128.00 ,11876950016.00 ,16598687744.00 ,18367619072.00 ,13204389888.00 ,10116833280.00 ,8699740160.00 ,9336573952.00 ,14780178432.00 ,,125764300800.00 
0:30:15,9896894464.00 ,13308452864.00 ,12104970240.00 ,16966242304.00 ,18678874112.00 ,13741596672.00 ,10758664192.00 ,9198596096.00 ,9886261248.00 ,15442792448.00 ,,129983344640.00 
0:30:30,9905115136.00 ,14751948800.00 ,19886317568.00 ,20637249536.00 ,21163057152.00 ,20256063488.00 ,20472938496.00 ,19195441152.00 ,15053488128.00 ,20879794176.00 ,,182201413632.00 
0:30:45,9892700160.00 ,17756610560.00 ,24124239872.00 ,24418516992.00 ,24901287936.00 ,24184492032.00 ,24325320704.00 ,23810736128.00 ,17250160640.00 ,24483225600.00 ,,215147290624.00 
0:31:00,10105921536.00 ,19607834624.00 ,27089588224.00 ,27143204864.00 ,27475779584.00 ,27059994624.00 ,27281874944.00 ,26960773120.00 ,19249934336.00 ,27431665664.00 ,,239406571520.00 
0:31:15,9890344960.00 ,21037875200.00 ,29715070976.00 ,29586456576.00 ,29865881600.00 ,29543682048.00 ,29974806528.00 ,29622890496.00 ,20920471552.00 ,29483630592.00 ,,259641110528.00 
0:31:30,9894031360.00 ,21575962624.00 ,31674302464.00 ,30858706944.00 ,31215431680.00 ,30677041152.00 ,33306619904.00 ,31151992832.00 ,22158499840.00 ,30315986944.00 ,,272828575744.00 
0:31:45,9886355456.00 ,21685272576.00 ,32440520704.00 ,30847430656.00 ,31455002624.00 ,30843441152.00 ,35561758720.00 ,31295348736.00 ,22135734272.00 ,30658998272.00 ,,276809863168.00 
0:32:00,9905647616.00 ,21694676992.00 ,32437858304.00 ,30867681280.00 ,31455694848.00 ,30860701696.00 ,35938861056.00 ,31299862528.00 ,22144073728.00 ,30672814080.00 ,,277277872128.00 
0:32:15,9899835392.00 ,21675347968.00 ,32449536000.00 ,30858866688.00 ,31444496384.00 ,30833344512.00 ,36003246080.00 ,31291400192.00 ,22150037504.00 ,30672162816.00 ,,277278273536.00 
0:32:30,9899958272.00 ,21695795200.00 ,32455270400.00 ,30867587072.00 ,31474954240.00 ,30852943872.00 ,36035035136.00 ,31309795328.00 ,22177411072.00 ,30707838976.00 ,,277476589568.00 
0:32:45,9912799232.00 ,21702152192.00 ,32465039360.00 ,30874767360.00 ,31493238784.00 ,30850015232.00 ,36035883008.00 ,31328960512.00 ,22152658944.00 ,30755127296.00 ,,277570641920.00 
0:33:00,9906843648.00 ,21698019328.00 ,32466382848.00 ,30881492992.00 ,31480602624.00 ,30860247040.00 ,36042371072.00 ,31323090944.00 ,22162571264.00 ,30759878656.00 ,,277581500416.00 
0:33:15,9908449280.00 ,21713321984.00 ,32475430912.00 ,30879784960.00 ,31481737216.00 ,30850351104.00 ,36039860224.00 ,31324520448.00 ,22151884800.00 ,30799454208.00 ,,277624795136.00 
0:33:30,9904934912.00 ,3246362624.00 ,3299540992.00 ,3161124864.00 ,3190743040.00 ,3181281280.00 ,3197829120.00 ,3208065024.00 ,3270443008.00 ,3248783360.00 ,,38909108224.00 
,,,,,,,,,,,,
,10105921536.00 ,21713321984.00 ,32475430912.00 ,30881492992.00 ,31493238784.00 ,30860701696.00 ,36042371072.00 ,31328960512.00 ,22177411072.00 ,30799454208.00 ,,277878304768.00 
,,,,,,,,,,,,
0:33:45,9364230144.00 ,3247759360.00 ,3297583104.00 ,3156254720.00 ,3190059008.00 ,3177308160.00 ,3195936768.00 ,3207630848.00 ,3250167808.00 ,3248762880.00 ,,38335692800.00 
0:34:00,9364733952.00 ,3250356224.00 ,3299057664.00 ,3153956864.00 ,3190349824.00 ,3177529344.00 ,3197341696.00 ,3206643712.00 ,3251019776.00 ,3248025600.00 ,,38339014656.00 
0:34:15,9385168896.00 ,3250102272.00 ,3298820096.00 ,3157020672.00 ,3189645312.00 ,3176914944.00 ,3195785216.00 ,3207352320.00 ,3250020352.00 ,3248664576.00 ,,38359494656.00 
0:34:30,9376759808.00 ,3244163072.00 ,3299516416.00 ,3163058176.00 ,3190697984.00 ,3183259648.00 ,3193327616.00 ,3205451776.00 ,3265789952.00 ,3248476160.00 ,,38370500608.00 
0:34:45,9370750976.00 ,3246731264.00 ,3296534528.00 ,3161665536.00 ,3189084160.00 ,3192995840.00 ,3195379712.00 ,3204546560.00 ,3248521216.00 ,3251773440.00 ,,38357983232.00 
0:35:00,9371164672.00 ,3249410048.00 ,3296747520.00 ,3159138304.00 ,3184140288.00 ,3184459776.00 ,3209150464.00 ,3205615616.00 ,3249516544.00 ,3246432256.00 ,,38355775488.00 
0:35:15,9383899136.00 ,3247607808.00 ,3298336768.00 ,3160100864.00 ,3185999872.00 ,3194007552.00 ,3195023360.00 ,3209555968.00 ,3256807424.00 ,3248345088.00 ,,38379683840.00 
0:35:30,9375997952.00 ,3244986368.00 ,3298414592.00 ,3157463040.00 ,3196919808.00 ,3192348672.00 ,3198087168.00 ,3221327872.00 ,3264450560.00 ,3246153728.00 ,,38396149760.00 
0:35:45,9373769728.00 ,3248885760.00 ,3296088064.00 ,3158155264.00 ,3190472704.00 ,3186925568.00 ,3201282048.00 ,3203522560.00 ,3250425856.00 ,3239141376.00 ,,38348668928.00 
0:36:00,9391251456.00 ,3246424064.00 ,3295596544.00 ,3160281088.00 ,3189792768.00 ,3193307136.00 ,3200278528.00 ,3203424256.00 ,3251236864.00 ,3239559168.00 ,,38371151872.00 
0:36:15,9368510464.00 ,3243532288.00 ,3293745152.00 ,3157819392.00 ,3190685696.00 ,3194052608.00 ,3201572864.00 ,3205959680.00 ,3251351552.00 ,3240988672.00 ,,38348218368.00 
0:36:30,9365450752.00 ,3236782080.00 ,3299577856.00 ,3154300928.00 ,3189207040.00 ,3192766464.00 ,3200917504.00 ,3203702784.00 ,3267215360.00 ,3243044864.00 ,,38352965632.00 
0:36:45,9365061632.00 ,3241046016.00 ,3298422784.00 ,3155111936.00 ,3190091776.00 ,3191296000.00 ,3199922176.00 ,3204308992.00 ,3251970048.00 ,3238924288.00 ,,38336155648.00 
0:37:00,9375817728.00 ,3251740672.00 ,3299352576.00 ,3154374656.00 ,3191066624.00 ,3192135680.00 ,3201429504.00 ,3203022848.00 ,3247857664.00 ,3245682688.00 ,,38362480640.00 
0:37:15,9365590016.00 ,3240173568.00 ,3297497088.00 ,3163017216.00 ,3188600832.00 ,3195699200.00 ,3197853696.00 ,3205427200.00 ,3247325184.00 ,3241848832.00 ,,38343032832.00 
0:37:30,9372794880.00 ,3239739392.00 ,3296980992.00 ,3156393984.00 ,3189755904.00 ,3193384960.00 ,3198717952.00 ,3202543616.00 ,3258011648.00 ,3240681472.00 ,,38349004800.00 
0:37:45,9580707840.00 ,3241525248.00 ,3294900224.00 ,3154464768.00 ,3196088320.00 ,3193982976.00 ,3206230016.00 ,3207954432.00 ,3252781056.00 ,3240116224.00 ,,38568751104.00 
0:38:00,9365880832.00 ,3243917312.00 ,3299627008.00 ,3155103744.00 ,3187793920.00 ,3192086528.00 ,3203809280.00 ,3208065024.00 ,3256123392.00 ,3242409984.00 ,,38354817024.00 
0:38:15,9574981632.00 ,3252334592.00 ,3314405376.00 ,3154415616.00 ,3188916224.00 ,3193937920.00 ,3204907008.00 ,3218812928.00 ,3254394880.00 ,3240517632.00 ,,38597623808.00 
0:38:30,9369600000.00 ,3248775168.00 ,3299557376.00 ,3153793024.00 ,3189821440.00 ,3199946752.00 ,3206729728.00 ,3213697024.00 ,3267530752.00 ,3242225664.00 ,,38391676928.00 
0:38:45,9367830528.00 ,3250843648.00 ,3296886784.00 ,3160711168.00 ,3185745920.00 ,3200794624.00 ,3206758400.00 ,3215724544.00 ,3255173120.00 ,3241680896.00 ,,38382149632.00 
0:39:00,9366036480.00 ,3252305920.00 ,3299221504.00 ,3157233664.00 ,3188764672.00 ,3199266816.00 ,3202555904.00 ,3214794752.00 ,3253932032.00 ,3239059456.00 ,,38373171200.00 
0:39:15,9354035200.00 ,3258163200.00 ,3300544512.00 ,3158310912.00 ,3188559872.00 ,3200200704.00 ,3212935168.00 ,3214716928.00 ,3252301824.00 ,3243069440.00 ,,38382837760.00 
0:39:30,9354162176.00 ,3247894528.00 ,3298603008.00 ,3157495808.00 ,3186491392.00 ,3199856640.00 ,3204100096.00 ,3215282176.00 ,3267231744.00 ,3243118592.00 ,,38374236160.00 
0:39:45,9364873216.00 ,3252318208.00 ,3298553856.00 ,3159740416.00 ,3186917376.00 ,3199856640.00 ,3205222400.00 ,3210932224.00 ,3252559872.00 ,3250475008.00 ,,38381449216.00 
0:40:00,9361993728.00 ,3251040256.00 ,3296882688.00 ,3154178048.00 ,3187884032.00 ,3199811584.00 ,3204030464.00 ,3213369344.00 ,3257757696.00 ,3240570880.00 ,,38367518720.00 
0:40:15,9361276928.00 ,3253469184.00 ,3299278848.00 ,3158355968.00 ,3186102272.00 ,3198398464.00 ,3202609152.00 ,3214127104.00 ,3256889344.00 ,3249127424.00 ,,38379634688.00 
0:40:30,9366745088.00 ,3245551616.00 ,3297136640.00 ,3158728704.00 ,3189379072.00 ,3198918656.00 ,3202461696.00 ,3219959808.00 ,3276259328.00 ,3249868800.00 ,,38405009408.00 
0:40:45,9589530624.00 ,3248119808.00 ,3299426304.00 ,3157889024.00 ,3188928512.00 ,3197898752.00 ,3203637248.00 ,3211132928.00 ,3270557696.00 ,3245764608.00 ,,38612885504.00 
0:41:00,9377296384.00 ,3248656384.00 ,3299713024.00 ,3156172800.00 ,3190157312.00 ,3198447616.00 ,3199729664.00 ,3214045184.00 ,3260874752.00 ,3249557504.00 ,,38394650624.00 
0:41:15,9376518144.00 ,3251818496.00 ,3463987200.00 ,3617964032.00 ,3323490304.00 ,3360522240.00 ,3677757440.00 ,3219361792.00 ,3978645504.00 ,3711971328.00 ,,40982036480.00 
0:41:30,9907953664.00 ,21485666304.00 ,21722374144.00 ,21574721536.00 ,16993714176.00 ,21567627264.00 ,17717719040.00 ,20243214336.00 ,21476605952.00 ,17879257088.00 ,,190568853504.00 
0:41:45,9889366016.00 ,26608152576.00 ,24752181248.00 ,24856903680.00 ,19471753216.00 ,24805838848.00 ,20712407040.00 ,22059847680.00 ,23501201408.00 ,19489976320.00 ,,216147628032.00 
0:42:00,9894387712.00 ,26631983104.00 ,24809385984.00 ,24945418240.00 ,19516612608.00 ,24944287744.00 ,20822253568.00 ,22462689280.00 ,23460007936.00 ,19488915456.00 ,,216975941632.00 
0:42:15,9885708288.00 ,26625064960.00 ,24818786304.00 ,25073688576.00 ,19597213696.00 ,25025998848.00 ,20842233856.00 ,22510153728.00 ,23483301888.00 ,19490050048.00 ,,217352200192.00 
0:42:30,9888182272.00 ,27919388672.00 ,29454450688.00 ,27459719168.00 ,20803526656.00 ,27606302720.00 ,22209691648.00 ,24947499008.00 ,26355974144.00 ,20257480704.00 ,,236902215680.00 
0:42:45,9888251904.00 ,32515072000.00 ,35513212928.00 ,32721010688.00 ,24863207424.00 ,32842334208.00 ,25580888064.00 ,30895132672.00 ,33060347904.00 ,24479981568.00 ,,282359439360.00 
0:43:00,9896570880.00 ,38105878528.00 ,40619597824.00 ,38392209408.00 ,28960194560.00 ,38859091968.00 ,29902815232.00 ,36807897088.00 ,38732582912.00 ,28936110080.00 ,,329212948480.00 
0:43:15,9900290048.00 ,42543861760.00 ,45059620864.00 ,43356495872.00 ,32743964672.00 ,43306545152.00 ,33317072896.00 ,41758941184.00 ,43469565952.00 ,32327684096.00 ,,367784042496.00 
0:43:30,9897652224.00 ,47361695744.00 ,49644027904.00 ,48058519552.00 ,36195119104.00 ,48060940288.00 ,36870336512.00 ,46307463168.00 ,48192016384.00 ,35824738304.00 ,,406412509184.00 
0:43:45,9895526400.00 ,52342845440.00 ,54870745088.00 ,52624486400.00 ,40208273408.00 ,53210599424.00 ,40580534272.00 ,51678142464.00 ,53059936256.00 ,39596171264.00 ,,448067260416.00 
0:44:00,10108911616.00 ,57197223936.00 ,43790172160.00 ,57426378752.00 ,44203966464.00 ,57819123712.00 ,44112818176.00 ,56083849216.00 ,57918238720.00 ,43403730944.00 ,,472064413696.00 
0:44:15,9885917184.00 ,57437032448.00 ,43791491072.00 ,57422548992.00 ,44202717184.00 ,57827278848.00 ,44113559552.00 ,56095752192.00 ,57925664768.00 ,43401895936.00 ,,472103858176.00 
0:44:30,9886486528.00 ,57432068096.00 ,43798532096.00 ,57434808320.00 ,44199047168.00 ,57826455552.00 ,44111110144.00 ,56089911296.00 ,57948143616.00 ,43397599232.00 ,,472124162048.00 
0:44:45,9944174592.00 ,3041980416.00 ,2974011392.00 ,2856763392.00 ,3165622272.00 ,2942943232.00 ,3163873280.00 ,2914148352.00 ,2976329728.00 ,3232256000.00 ,,37212102656.00 
0:45:00,9394360320.00 ,3034902528.00 ,2980642816.00 ,2855661568.00 ,3164209152.00 ,2944200704.00 ,3160702976.00 ,2912526336.00 ,2977337344.00 ,3219181568.00 ,,36643725312.00 
0:45:15,9376940032.00 ,3035832320.00 ,2980712448.00 ,2853867520.00 ,3163131904.00 ,2942046208.00 ,3164614656.00 ,2914443264.00 ,2973945856.00 ,3221000192.00 ,,36626534400.00 
0:45:30,9377472512.00 ,3031535616.00 ,2990669824.00 ,2852175872.00 ,3162849280.00 ,2951479296.00 ,3164278784.00 ,2921713664.00 ,2984783872.00 ,3221078016.00 ,,36658036736.00 
0:45:45,9371643904.00 ,3038101504.00 ,2984243200.00 ,2850238464.00 ,3156385792.00 ,2947973120.00 ,3161108480.00 ,2917572608.00 ,2973007872.00 ,3224162304.00 ,,36624437248.00 
0:46:00,9383645184.00 ,3037507584.00 ,2984263680.00 ,2849718272.00 ,3161001984.00 ,2947723264.00 ,3160395776.00 ,2918211584.00 ,2963484672.00 ,3226296320.00 ,,36632248320.00 
0:46:15,9386172416.00 ,3039240192.00 ,2985390080.00 ,2850811904.00 ,3159150592.00 ,2949640192.00 ,3161214976.00 ,2919374848.00 ,2964975616.00 ,3224104960.00 ,,36640075776.00 
0:46:30,9391878144.00 ,3034210304.00 ,2984091648.00 ,2850312192.00 ,3159285760.00 ,2947571712.00 ,3161366528.00 ,2917208064.00 ,3217088512.00 ,3225989120.00 ,,36889001984.00 
0:46:45,9914634240.00 ,15999225856.00 ,8575041536.00 ,12540153856.00 ,8800137216.00 ,13841666048.00 ,9916936192.00 ,16648650752.00 ,9454493696.00 ,21761585152.00 ,,127452524544.00 
0:47:00,9919893504.00 ,16837918720.00 ,8920891392.00 ,12788998144.00 ,9198813184.00 ,14726041600.00 ,10374029312.00 ,19696111616.00 ,9822834688.00 ,21911441408.00 ,,134196973568.00 
0:47:15,10110631936.00 ,17086480384.00 ,9374957568.00 ,13208305664.00 ,9615249408.00 ,15426945024.00 ,10984439808.00 ,20150833152.00 ,10312499200.00 ,22326923264.00 ,,138597265408.00 
0:47:30,9891983360.00 ,18639060992.00 ,20540674048.00 ,18524151808.00 ,20866158592.00 ,23186243584.00 ,23814787072.00 ,24122732544.00 ,18415583232.00 ,24604835840.00 ,,202606211072.00 
0:47:45,9891213312.00 ,22193352704.00 ,26638962688.00 ,21161771008.00 ,26654105600.00 ,26840506368.00 ,27596689408.00 ,27505205248.00 ,21272014848.00 ,27453763584.00 ,,237207584768.00 
0:48:00,9888428032.00 ,26009092096.00 ,32360558592.00 ,25134129152.00 ,32386899968.00 ,32711913472.00 ,32733253632.00 ,33101438976.00 ,25466572800.00 ,33171050496.00 ,,282963337216.00 
0:48:15,9895698432.00 ,29817667584.00 ,37492465664.00 ,29026119680.00 ,37755334656.00 ,37806903296.00 ,37913939968.00 ,38134902784.00 ,29329162240.00 ,38257876992.00 ,,325430071296.00 
0:48:30,9886867456.00 ,33094328320.00 ,41694208000.00 ,32072630272.00 ,41849516032.00 ,42082476032.00 ,42046451712.00 ,42321965056.00 ,32441561088.00 ,42405613568.00 ,,359895617536.00 
0:48:45,9889243136.00 ,36868141056.00 ,46850605056.00 ,36023664640.00 ,46576885760.00 ,47041957888.00 ,47701233664.00 ,47496331264.00 ,36219727872.00 ,47568089088.00 ,,402235879424.00 
0:49:00,9910030336.00 ,40716300288.00 ,51644305408.00 ,39853596672.00 ,52042665984.00 ,52181422080.00 ,52142403584.00 ,52388212736.00 ,40050130944.00 ,52622729216.00 ,,443551797248.00 
0:49:15,9896574976.00 ,44270292992.00 ,56330072064.00 ,43290148864.00 ,56358105088.00 ,56546304000.00 ,56590856192.00 ,57100165120.00 ,43551956992.00 ,57082396672.00 ,,481016872960.00 
0:49:30,9904148480.00 ,47698989056.00 ,61043965952.00 ,46765613056.00 ,60915052544.00 ,61284610048.00 ,61165998080.00 ,61472149504.00 ,47123394560.00 ,61422751744.00 ,,518796673024.00 
0:49:45,9895014400.00 ,48700203008.00 ,62166048768.00 ,17621774336.00 ,61857640448.00 ,47141634048.00 ,46908821504.00 ,32447844352.00 ,32713875456.00 ,62384578560.00 ,,421837434880.00 
0:50:00,9894600704.00 ,48693592064.00 ,62182334464.00 ,17637048320.00 ,61857161216.00 ,47139282944.00 ,46907232256.00 ,32446144512.00 ,32710234112.00 ,62382460928.00 ,,421850091520.00 
0:50:15,9482985472.00 ,3012755456.00 ,2774904832.00 ,2851885056.00 ,2658144256.00 ,2663055360.00 ,2708406272.00 ,2612563968.00 ,2934620160.00 ,2732322816.00 ,,34431643648.00 
0:50:30,9589948416.00 ,2997354496.00 ,2777468928.00 ,2848886784.00 ,2664050688.00 ,2657345536.00 ,2707275776.00 ,2614976512.00 ,2949750784.00 ,2731683840.00 ,,34538741760.00 
0:50:45,9374638080.00 ,2995859456.00 ,2775445504.00 ,2851024896.00 ,2655961088.00 ,2654986240.00 ,2709008384.00 ,2611740672.00 ,2931195904.00 ,2731659264.00 ,,34291519488.00 
0:51:00,9363558400.00 ,2997575680.00 ,2773278720.00 ,2850377728.00 ,2654572544.00 ,2655453184.00 ,2707402752.00 ,2611658752.00 ,2930601984.00 ,2734166016.00 ,,34278645760.00 
0:51:15,9367330816.00 ,2996445184.00 ,2776764416.00 ,2849660928.00 ,2656063488.00 ,2654679040.00 ,2708922368.00 ,2611404800.00 ,2936954880.00 ,2732118016.00 ,,34290343936.00 
0:51:30,9369534464.00 ,2995392512.00 ,2778230784.00 ,3008442368.00 ,2890518528.00 ,2655645696.00 ,2868764672.00 ,2611826688.00 ,3091783680.00 ,2873999360.00 ,,35144138752.00 
0:51:45,9898172416.00 ,12130844672.00 ,4545032192.00 ,8122519552.00 ,4678893568.00 ,8057401344.00 ,11680309248.00 ,8062771200.00 ,8418942976.00 ,8051085312.00 ,,83645972480.00 
0:52:00,9897304064.00 ,13364334592.00 ,4851793920.00 ,9108303872.00 ,4950208512.00 ,8262807552.00 ,13770186752.00 ,9349664768.00 ,9658363904.00 ,8298188800.00 ,,91511156736.00 
0:52:15,9904934912.00 ,13548621824.00 ,5044903936.00 ,9216983040.00 ,5150846976.00 ,8411021312.00 ,13939908608.00 ,9571700736.00 ,9901219840.00 ,8401469440.00 ,,93091610624.00 
0:52:30,9895530496.00 ,17169420288.00 ,13939625984.00 ,14928642048.00 ,13340295168.00 ,14968717312.00 ,16908795904.00 ,14279557120.00 ,18232598528.00 ,16791932928.00 ,,150455115776.00 
0:52:45,9879375872.00 ,25232474112.00 ,24652046336.00 ,19521806336.00 ,24838754304.00 ,24630775808.00 ,20023181312.00 ,24612339712.00 ,25378324480.00 ,24696102912.00 ,,223465181184.00 
0:53:00,9877716992.00 ,29743267840.00 ,29803008000.00 ,23041552384.00 ,30015782912.00 ,29832081408.00 ,23018811392.00 ,29368061952.00 ,30504886272.00 ,30499606528.00 ,,265704775680.00 
0:53:15,9883136000.00 ,35211616256.00 ,35215605760.00 ,27149639680.00 ,35392909312.00 ,35009691648.00 ,27242409984.00 ,34545266688.00 ,35478077440.00 ,35306426368.00 ,,310434779136.00 
0:53:30,9893539840.00 ,39617441792.00 ,39527653376.00 ,30617837568.00 ,39495983104.00 ,39512752128.00 ,30670188544.00 ,39133859840.00 ,40210657280.00 ,40000983040.00 ,,348680896512.00 
0:53:45,10105794560.00 ,44373798912.00 ,44405108736.00 ,34374766592.00 ,44315402240.00 ,44195155968.00 ,34269499392.00 ,43871469568.00 ,45171294208.00 ,44944826368.00 ,,390027116544.00 
0:54:00,9896206336.00 ,49539932160.00 ,49377722368.00 ,37605150720.00 ,49529933824.00 ,49220071424.00 ,37872955392.00 ,49023074304.00 ,49689755648.00 ,49563095040.00 ,,431317897216.00 
0:54:15,9896493056.00 ,53665402880.00 ,53885108224.00 ,40974655488.00 ,54037331968.00 ,53722361856.00 ,40822657024.00 ,52958535680.00 ,53983584256.00 ,53861855232.00 ,,467807985664.00 
0:54:30,9902624768.00 ,57726705664.00 ,57648672768.00 ,43973296128.00 ,57826770944.00 ,57459412992.00 ,44226953216.00 ,57216987136.00 ,58207453184.00 ,57865994240.00 ,,502054871040.00 
0:54:45,9902280704.00 ,61971898368.00 ,62362902528.00 ,47447855104.00 ,62742880256.00 ,62376685568.00 ,47223775232.00 ,61610450944.00 ,62318411776.00 ,62487408640.00 ,,540444549120.00 
0:55:00,9898319872.00 ,32572616704.00 ,2667761664.00 ,17692389376.00 ,2787614720.00 ,17491017728.00 ,32618766336.00 ,17484726272.00 ,17622208512.00 ,2589937664.00 ,,153425358848.00 
0:55:15,9887911936.00 ,2663972864.00 ,2657013760.00 ,2834587648.00 ,2522705920.00 ,2473193472.00 ,2713747456.00 ,2571186176.00 ,2612641792.00 ,2596163584.00 ,,33533124608.00 
0:55:30,9391636480.00 ,2655215616.00 ,2650296320.00 ,2824425472.00 ,2515832832.00 ,2475343872.00 ,2706677760.00 ,2564808704.00 ,2620825600.00 ,2587639808.00 ,,32992702464.00 
0:55:45,9369923584.00 ,2651787264.00 ,2645598208.00 ,2824216576.00 ,2513747968.00 ,2484977664.00 ,2710810624.00 ,2568310784.00 ,2612654080.00 ,2586963968.00 ,,32968990720.00 
0:56:00,9383141376.00 ,2651107328.00 ,2644361216.00 ,2820304896.00 ,2512461824.00 ,2472861696.00 ,2706989056.00 ,2568425472.00 ,2612326400.00 ,2585182208.00 ,,32957161472.00 
0:56:15,9362313216.00 ,2658746368.00 ,2646417408.00 ,2822815744.00 ,2511998976.00 ,2471550976.00 ,2708406272.00 ,2565386240.00 ,2614956032.00 ,2586193920.00 ,,32948785152.00 
0:56:30,9367416832.00 ,2653339648.00 ,2643451904.00 ,2820726784.00 ,2510528512.00 ,2469351424.00 ,2707894272.00 ,2566893568.00 ,2627710976.00 ,2595307520.00 ,,32962621440.00 
0:56:45,9897099264.00 ,9451298816.00 ,14423715840.00 ,17409056768.00 ,10625593344.00 ,13260054528.00 ,14231437312.00 ,7789215744.00 ,17027362816.00 ,16933830656.00 ,,131048665088.00 
0:57:00,10108825600.00 ,18110717952.00 ,23577759744.00 ,24295845888.00 ,18083061760.00 ,22282416128.00 ,19533799424.00 ,23196459008.00 ,24941883392.00 ,23707262976.00 ,,207838031872.00 
0:57:15,9893736448.00 ,18973200384.00 ,24136085504.00 ,25451487232.00 ,19008786432.00 ,23109963776.00 ,20411973632.00 ,23762759680.00 ,26167685120.00 ,24647598080.00 ,,215563276288.00 
0:57:30,9893253120.00 ,19402928128.00 ,24473784320.00 ,25685540864.00 ,18992279552.00 ,23877521408.00 ,20703461376.00 ,24110501888.00 ,26605772800.00 ,24663052288.00 ,,218408095744.00 
0:57:45,9885118464.00 ,21612843008.00 ,26838831104.00 ,28696338432.00 ,21303922688.00 ,26313723904.00 ,23144460288.00 ,26980335616.00 ,28498948096.00 ,28237463552.00 ,,241511985152.00 
0:58:00,9903013888.00 ,23549751296.00 ,31411064832.00 ,32090054656.00 ,24340361216.00 ,31256801280.00 ,24496046080.00 ,30147756032.00 ,32842235904.00 ,31964508160.00 ,,272001593344.00 
0:58:15,9889079296.00 ,27862970368.00 ,36679348224.00 ,36794589184.00 ,27805503488.00 ,36203716608.00 ,28735483904.00 ,35683057664.00 ,37339062272.00 ,36957208576.00 ,,313950019584.00 
0:58:30,9891188736.00 ,32340672512.00 ,42142044160.00 ,42786312192.00 ,32348930048.00 ,42101157888.00 ,32935510016.00 ,41513308160.00 ,42968698880.00 ,42143256576.00 ,,361171079168.00 
0:58:45,9886916608.00 ,36061884416.00 ,47276044288.00 ,47751413760.00 ,35970215936.00 ,46792986624.00 ,36519776256.00 ,46429478912.00 ,48330018816.00 ,47517065216.00 ,,402535800832.00 
0:59:00,9891876864.00 ,39455739904.00 ,52071862272.00 ,52458684416.00 ,39471411200.00 ,51757641728.00 ,40135163904.00 ,51385700352.00 ,52596174848.00 ,52229144576.00 ,,441453400064.00 
0:59:15,9889267712.00 ,42403979264.00 ,56055398400.00 ,56236347392.00 ,42457964544.00 ,55521431552.00 ,42958766080.00 ,55467429888.00 ,57120624640.00 ,56166608896.00 ,,474277818368.00 
0:59:30,9888075776.00 ,45897650176.00 ,60933632000.00 ,60960563200.00 ,45827424256.00 ,60337721344.00 ,46775320576.00 ,59854675968.00 ,61323788288.00 ,61060722688.00 ,,512859574272.00 
0:59:45,9896546304.00 ,17231179776.00 ,39801245696.00 ,47280529408.00 ,17294184448.00 ,31937495040.00 ,2680655872.00 ,61889347584.00 ,32525213696.00 ,32389607424.00 ,,292926005248.00 
1:00:00,9904373760.00 ,17231097856.00 ,32234434560.00 ,47280807936.00 ,17299337216.00 ,31937105920.00 ,2682003456.00 ,61894447104.00 ,32532635648.00 ,32386564096.00 ,,285382807552.00 
1:00:15,10128429056.00 ,2650218496.00 ,2640232448.00 ,2615246848.00 ,2504630272.00 ,2467442688.00 ,2680864768.00 ,2763001856.00 ,2601480192.00 ,2588504064.00 ,,33640050688.00 
1:00:30,9392357376.00 ,2642956288.00 ,2646114304.00 ,2612436992.00 ,2503811072.00 ,2464718848.00 ,2686922752.00 ,2556145664.00 ,2619383808.00 ,2584231936.00 ,,32709079040.00 
1:00:45,9375928320.00 ,2653409280.00 ,2642268160.00 ,2611793920.00 ,2501644288.00 ,2475106304.00 ,2694991872.00 ,2551762944.00 ,2596552704.00 ,2581508096.00 ,,32684965888.00 
1:01:00,9366183936.00 ,2654273536.00 ,2641559552.00 ,2612736000.00 ,2496237568.00 ,2462257152.00 ,2691067904.00 ,2552475648.00 ,2598621184.00 ,2584666112.00 ,,32660078592.00 
1:01:15,9371885568.00 ,2656649216.00 ,2642497536.00 ,2613723136.00 ,2495418368.00 ,2465177600.00 ,2693193728.00 ,2551312384.00 ,2614267904.00 ,2585206784.00 ,,32689332224.00 
1:01:30,9372880896.00 ,2651885568.00 ,2640216064.00 ,2613932032.00 ,2494177280.00 ,2461605888.00 ,2695696384.00 ,2551181312.00 ,2620841984.00 ,2599395328.00 ,,32701812736.00 
1:01:45,9370976256.00 ,2655928320.00 ,2641498112.00 ,2611785728.00 ,2494226432.00 ,2457526272.00 ,2693525504.00 ,2547642368.00 ,2602233856.00 ,2578628608.00 ,,32653971456.00 
1:02:00,9386094592.00 ,2655555584.00 ,2642755584.00 ,2613096448.00 ,2493743104.00 ,2456760320.00 ,2693066752.00 ,2546987008.00 ,2605404160.00 ,2578366464.00 ,,32671830016.00 
1:02:15,9378693120.00 ,2657976320.00 ,2645360640.00 ,2617520128.00 ,2495037440.00 ,2458935296.00 ,2694475776.00 ,2557952000.00 ,2604396544.00 ,2584911872.00 ,,32695259136.00 
1:02:30,9921884160.00 ,6933737472.00 ,7070732288.00 ,6997422080.00 ,10732773376.00 ,6440583168.00 ,4267114496.00 ,7268835328.00 ,10405158912.00 ,7175819264.00 ,,77214060544.00 
1:02:45,9930309632.00 ,9374863360.00 ,8404156416.00 ,7449743360.00 ,13929721856.00 ,8079155200.00 ,4768489472.00 ,13577859072.00 ,11758460928.00 ,8800436224.00 ,,96073195520.00 
1:03:00,9929252864.00 ,9651089408.00 ,8645652480.00 ,7597236224.00 ,14224474112.00 ,8301826048.00 ,5049356288.00 ,13783699456.00 ,11947343872.00 ,9029275648.00 ,,98159206400.00 
1:03:15,9913966592.00 ,9794842624.00 ,8966029312.00 ,7870914560.00 ,14408851456.00 ,8527917056.00 ,5519978496.00 ,13900967936.00 ,12182315008.00 ,9282207744.00 ,,100367990784.00 
1:03:30,9986162688.00 ,2654339072.00 ,2627862528.00 ,2618744832.00 ,2504134656.00 ,2493423616.00 ,2703499264.00 ,2554253312.00 ,2619445248.00 ,2568605696.00 ,,33330470912.00 
1:03:45,9367887872.00 ,2654617600.00 ,2620620800.00 ,2620272640.00 ,2500907008.00 ,2477281280.00 ,2699681792.00 ,2551189504.00 ,2588246016.00 ,2573819904.00 ,,32654524416.00 
1:04:00,9371885568.00 ,2659909632.00 ,2621952000.00 ,2634199040.00 ,2499096576.00 ,2477047808.00 ,2698440704.00 ,2550415360.00 ,2588442624.00 ,2573877248.00 ,,32675266560.00 
1:04:15,9371770880.00 ,2660814848.00 ,2623729664.00 ,2621132800.00 ,2499854336.00 ,2475847680.00 ,2699911168.00 ,2550280192.00 ,2588479488.00 ,2573668352.00 ,,32665489408.00 
1:04:30,9391222784.00 ,2657030144.00 ,2625798144.00 ,2620891136.00 ,2499178496.00 ,2475945984.00 ,2710790144.00 ,2549538816.00 ,2608414720.00 ,2569691136.00 ,,32708501504.00 
1:04:45,9376583680.00 ,2660859904.00 ,2619879424.00 ,2619396096.00 ,2497183744.00 ,2479935488.00 ,2697412608.00 ,2546302976.00 ,2585579520.00 ,2570076160.00 ,,32653209600.00 
1:05:00,9379803136.00 ,2660691968.00 ,2618875904.00 ,2623102976.00 ,2502369280.00 ,2481414144.00 ,2696134656.00 ,2550112256.00 ,2586390528.00 ,2571776000.00 ,,32670670848.00 
1:05:15,9398530048.00 ,2659024896.00 ,2628104192.00 ,2629074944.00 ,2497970176.00 ,2484105216.00 ,2699788288.00 ,2548674560.00 ,2587688960.00 ,2571403264.00 ,,32704364544.00 
1:05:30,9384361984.00 ,2657148928.00 ,2625613824.00 ,2633236480.00 ,2498621440.00 ,2481254400.00 ,2697768960.00 ,2548785152.00 ,2611367936.00 ,2567434240.00 ,,32705593344.00 
1:05:45,9391312896.00 ,2658566144.00 ,2621521920.00 ,2630225920.00 ,2497732608.00 ,2485833728.00 ,2699370496.00 ,2550861824.00 ,2601242624.00 ,2575335424.00 ,,32712003584.00 
1:06:00,9390280704.00 ,2663403520.00 ,2627883008.00 ,2635268096.00 ,2500374528.00 ,2487595008.00 ,2699837440.00 ,2551279616.00 ,2606686208.00 ,2580361216.00 ,,32742969344.00 
1:06:15,9363296256.00 ,2657849344.00 ,2625507328.00 ,2627207168.00 ,2497085440.00 ,2489274368.00 ,2696466432.00 ,2551095296.00 ,2606563328.00 ,2574200832.00 ,,32688545792.00 
1:06:30,10228158464.00 ,2658754560.00 ,2626449408.00 ,2626039808.00 ,2498285568.00 ,2485039104.00 ,2695352320.00 ,2550833152.00 ,2625884160.00 ,2585817088.00 ,,33580613632.00 
1:06:45,9430245376.00 ,2655621120.00 ,2624028672.00 ,2627928064.00 ,2497212416.00 ,2482278400.00 ,2696736768.00 ,2554105856.00 ,2615078912.00 ,2575724544.00 ,,32758960128.00 
1:07:00,9367810048.00 ,2659155968.00 ,2624987136.00 ,2628718592.00 ,2504327168.00 ,2489335808.00 ,2691805184.00 ,2552283136.00 ,2604072960.00 ,2573041664.00 ,,32695537664.00 
1:07:15,9373474816.00 ,2655424512.00 ,2633818112.00 ,2629193728.00 ,2504220672.00 ,2490359808.00 ,2694881280.00 ,2552651776.00 ,2605268992.00 ,2574499840.00 ,,32713793536.00 
1:07:30,9377021952.00 ,2655780864.00 ,2625667072.00 ,2628894720.00 ,2506375168.00 ,2488668160.00 ,2696634368.00 ,2553589760.00 ,2626195456.00 ,2572488704.00 ,,32731316224.00 
1:07:45,9389109248.00 ,2655989760.00 ,2622558208.00 ,2628071424.00 ,2505199616.00 ,2490064896.00 ,2698694656.00 ,2559340544.00 ,2604625920.00 ,2575757312.00 ,,32729411584.00 
1:08:00,9375514624.00 ,2656407552.00 ,2632032256.00 ,2628829184.00 ,2504876032.00 ,2491486208.00 ,2695188480.00 ,2551209984.00 ,2604765184.00 ,2573131776.00 ,,32713441280.00 
1:08:15,9373155328.00 ,2656514048.00 ,2632245248.00 ,2628423680.00 ,2511085568.00 ,2491281408.00 ,2697191424.00 ,2559434752.00 ,2605420544.00 ,2578956288.00 ,,32733708288.00 
1:08:30,9395355648.00 ,2651545600.00 ,2630004736.00 ,2632101888.00 ,2514411520.00 ,2488229888.00 ,2697179136.00 ,2562895872.00 ,2624897024.00 ,2575310848.00 ,,32771932160.00 
1:08:45,9372164096.00 ,2656268288.00 ,2628087808.00 ,2635649024.00 ,2508836864.00 ,2486628352.00 ,2696962048.00 ,2560544768.00 ,2603896832.00 ,2577358848.00 ,,32726396928.00 
1:09:00,9371889664.00 ,2654310400.00 ,2630631424.00 ,2633408512.00 ,2512801792.00 ,2495188992.00 ,2695761920.00 ,2561622016.00 ,2603814912.00 ,2577477632.00 ,,32736907264.00 
1:09:15,9365200896.00 ,2658078720.00 ,2632331264.00 ,2630311936.00 ,2510839808.00 ,2490765312.00 ,2700472320.00 ,2563719168.00 ,2605756416.00 ,2587004928.00 ,,32744480768.00 
1:09:30,9372893184.00 ,2657677312.00 ,2635927552.00 ,2632556544.00 ,2512330752.00 ,2489810944.00 ,2699628544.00 ,2563624960.00 ,2637078528.00 ,2586632192.00 ,,32788160512.00 
1:09:45,9373265920.00 ,2659168256.00 ,2628354048.00 ,2640703488.00 ,2510282752.00 ,2490408960.00 ,2700857344.00 ,2563121152.00 ,2607394816.00 ,2577649664.00 ,,32751206400.00 
1:10:00,9857212416.00 ,10154995712.00 ,4233342976.00 ,10851811328.00 ,10354409472.00 ,4086378496.00 ,4311007232.00 ,8779481088.00 ,7792607232.00 ,7247552512.00 ,,77668798464.00 
1:10:15,9908404224.00 ,12971573248.00 ,4682305536.00 ,12134498304.00 ,12817113088.00 ,4529131520.00 ,4717649920.00 ,12891484160.00 ,9194614784.00 ,7550279680.00 ,,91397054464.00 
1:10:30,9907507200.00 ,13208895488.00 ,4955967488.00 ,12294983680.00 ,13063237632.00 ,4828082176.00 ,5049163776.00 ,13080981504.00 ,9454948352.00 ,7720771584.00 ,,93564538880.00 
1:10:45,9910173696.00 ,14561292288.00 ,5881520128.00 ,13169373184.00 ,13363511296.00 ,5560082432.00 ,7147323392.00 ,13374959616.00 ,10362712064.00 ,8902766592.00 ,,102233714688.00 
1:11:00,9917407232.00 ,24775680000.00 ,24173563904.00 ,19394068480.00 ,24449105920.00 ,23939809280.00 ,24306114560.00 ,24349421568.00 ,19660963840.00 ,18670637056.00 ,,213636771840.00 
1:11:15,9902190592.00 ,28489142272.00 ,28754624512.00 ,22111105024.00 ,28094164992.00 ,28526145536.00 ,28803330048.00 ,27849142272.00 ,22386159616.00 ,22171426816.00 ,,247087431680.00 
1:11:30,9914449920.00 ,32270012416.00 ,32401309696.00 ,25158230016.00 ,32141721600.00 ,32167641088.00 ,32825274368.00 ,31914205184.00 ,25356320768.00 ,25006174208.00 ,,279155339264.00 
1:11:45,9914781696.00 ,36245032960.00 ,36385230848.00 ,28121120768.00 ,35931414528.00 ,36153630720.00 ,36419198976.00 ,35879264256.00 ,28165128192.00 ,27783753728.00 ,,310998556672.00 
1:12:00,9921458176.00 ,39673458688.00 ,39867863040.00 ,30680276992.00 ,39528574976.00 ,39637282816.00 ,39985963008.00 ,39373975552.00 ,31013384192.00 ,30443810816.00 ,,340126048256.00 
1:12:15,9910231040.00 ,42865123328.00 ,42851254272.00 ,32944021504.00 ,42536665088.00 ,42638524416.00 ,42847584256.00 ,42382123008.00 ,33147342848.00 ,32595709952.00 ,,364718579712.00 
1:12:30,9912594432.00 ,45213667328.00 ,45374222336.00 ,34839650304.00 ,44902240256.00 ,45294215168.00 ,45505159168.00 ,44779343872.00 ,35030065152.00 ,34429870080.00 ,,385281028096.00 
1:12:45,9908797440.00 ,46866980864.00 ,46970454016.00 ,35913433088.00 ,46004736000.00 ,46690492416.00 ,46986801152.00 ,46446632960.00 ,35848859648.00 ,35330064384.00 ,,396967251968.00 
1:13:00,9917227008.00 ,47365431296.00 ,47638646784.00 ,36312137728.00 ,46504878080.00 ,47036575744.00 ,47566282752.00 ,47165284352.00 ,36172525568.00 ,35610927104.00 ,,401289916416.00 
1:13:15,10137255936.00 ,47366373376.00 ,47637233664.00 ,36325363712.00 ,46640893952.00 ,47058821120.00 ,47709356032.00 ,47314313216.00 ,36281233408.00 ,35611111424.00 ,,402081955840.00 
1:13:30,9919840256.00 ,47373312000.00 ,47659343872.00 ,36338876416.00 ,46661033984.00 ,47069458432.00 ,47735037952.00 ,47322001408.00 ,36319236096.00 ,35626991616.00 ,,402025132032.00 
1:13:45,9922535424.00 ,47379714048.00 ,47655424000.00 ,36338601984.00 ,46692397056.00 ,47078760448.00 ,47731613696.00 ,47328698368.00 ,36306030592.00 ,35628466176.00 ,,402062241792.00 
1:14:00,9923833856.00 ,47384506368.00 ,47664390144.00 ,36342878208.00 ,46696075264.00 ,47078776832.00 ,47742169088.00 ,47336525824.00 ,36304887808.00 ,35632160768.00 ,,402106204160.00 
1:14:15,9909727232.00 ,47387217920.00 ,47668084736.00 ,36347752448.00 ,46727745536.00 ,47079583744.00 ,47744389120.00 ,47337889792.00 ,36306870272.00 ,35644076032.00 ,,402153336832.00 
1:14:30,9912287232.00 ,2656903168.00 ,2640793600.00 ,2639806464.00 ,2519207936.00 ,2492026880.00 ,2702266368.00 ,2564902912.00 ,2631045120.00 ,2575876096.00 ,,33335115776.00 
,,,,,,,,,,,,
,10137255936.00 ,47387217920.00 ,47668084736.00 ,36347752448.00 ,46727745536.00 ,47079583744.00 ,47744389120.00 ,47337889792.00 ,36319236096.00 ,35644076032.00 ,,402393231360.00 
,,,,,,,,,,,,
1:14:45,9373745152.00 ,2662924288.00 ,2627551232.00 ,2636607488.00 ,2514800640.00 ,2479546368.00 ,2700914688.00 ,2567696384.00 ,2594197504.00 ,2570813440.00 ,,32728797184.00 
1:15:00,9378447360.00 ,2663546880.00 ,2626150400.00 ,2634387456.00 ,2513018880.00 ,2479427584.00 ,2696957952.00 ,2575020032.00 ,2591481856.00 ,2569334784.00 ,,32727773184.00 
1:15:15,9374109696.00 ,2661732352.00 ,2626662400.00 ,2649559040.00 ,2513195008.00 ,2476761088.00 ,2698162176.00 ,2569371648.00 ,2595151872.00 ,2569383936.00 ,,32734089216.00 
1:15:30,9375715328.00 ,2659278848.00 ,2625409024.00 ,2635624448.00 ,2523910144.00 ,2477813760.00 ,2695217152.00 ,2568032256.00 ,2591371264.00 ,2567512064.00 ,,32719884288.00 
1:15:45,9377783808.00 ,2658734080.00 ,2622382080.00 ,2633846784.00 ,2510295040.00 ,2473332736.00 ,2695675904.00 ,2563887104.00 ,2596782080.00 ,2566365184.00 ,,32699084800.00 
1:16:00,9386934272.00 ,2659119104.00 ,2622414848.00 ,2633236480.00 ,2511872000.00 ,2476589056.00 ,2693046272.00 ,2562527232.00 ,2594226176.00 ,2565660672.00 ,,32705626112.00 
1:16:15,9388331008.00 ,2656915456.00 ,2625953792.00 ,2633494528.00 ,2512994304.00 ,2473058304.00 ,2695602176.00 ,2567778304.00 ,2595000320.00 ,2569658368.00 ,,32718786560.00 
1:16:30,9598423040.00 ,2660081664.00 ,2625273856.00 ,2631778304.00 ,2514075648.00 ,2474799104.00 ,2693963776.00 ,2566496256.00 ,2617004032.00 ,2579775488.00 ,,32961671168.00 
1:16:45,9499996160.00 ,3652030464.00 ,3918487552.00 ,3952648192.00 ,3502366720.00 ,3755245568.00 ,4036571136.00 ,3504140288.00 ,3921977344.00 ,3896639488.00 ,,43640102912.00 
1:17:00,9909231616.00 ,18583916544.00 ,23626428416.00 ,23573553152.00 ,18578833408.00 ,23804481536.00 ,23035768832.00 ,23436701696.00 ,22451257344.00 ,24109109248.00 ,,211109281792.00 
1:17:15,9910509568.00 ,21013553152.00 ,26153435136.00 ,25714147328.00 ,20926656512.00 ,26619092992.00 ,25101041664.00 ,27367641088.00 ,24060362752.00 ,26814828544.00 ,,233681268736.00 
1:17:30,9923416064.00 ,21015965696.00 ,26161520640.00 ,25718059008.00 ,21042761728.00 ,26601725952.00 ,25094172672.00 ,27385380864.00 ,24062386176.00 ,26813300736.00 ,,233818689536.00 
1:17:45,9908781056.00 ,21881479168.00 ,27648442368.00 ,28362354688.00 ,21460107264.00 ,27636768768.00 ,27379486720.00 ,28082499584.00 ,25963012096.00 ,27970355200.00 ,,246293286912.00 
1:18:00,9908908032.00 ,24453230592.00 ,31415717888.00 ,32189734912.00 ,24075395072.00 ,31484325888.00 ,32238161920.00 ,31586828288.00 ,32237674496.00 ,31770034176.00 ,,281360011264.00 
1:18:15,9925210112.00 ,29578469376.00 ,37941403648.00 ,38684913664.00 ,29412155392.00 ,37857890304.00 ,38227783680.00 ,38325301248.00 ,38130950144.00 ,38454996992.00 ,,336539074560.00 
1:18:30,9912696832.00 ,32622284800.00 ,42540257280.00 ,43899154432.00 ,32908541952.00 ,42008199168.00 ,42656935936.00 ,43134046208.00 ,42533736448.00 ,42397786112.00 ,,374613639168.00 
1:18:45,9917267968.00 ,34327412736.00 ,44699693056.00 ,46032134144.00 ,34708291584.00 ,44231061504.00 ,44841771008.00 ,45522092032.00 ,44838133760.00 ,44426522624.00 ,,393544380416.00 
1:19:00,9915355136.00 ,35756838912.00 ,46272290816.00 ,48126246912.00 ,36267806720.00 ,46125056000.00 ,46768447488.00 ,47735496704.00 ,46746075136.00 ,46307962880.00 ,,410021576704.00 
1:19:15,9923731456.00 ,35974000640.00 ,46791974912.00 ,48173645824.00 ,36273565696.00 ,46394359808.00 ,46932860928.00 ,47740489728.00 ,47063134208.00 ,46613344256.00 ,,411881107456.00 
1:19:30,9921867776.00 ,36091011072.00 ,46790393856.00 ,48241999872.00 ,36351258624.00 ,46393376768.00 ,46936178688.00 ,48014610432.00 ,47182319616.00 ,46826823680.00 ,,412749840384.00 
1:19:45,9955266560.00 ,36196737024.00 ,46914838528.00 ,48357785600.00 ,36537737216.00 ,46663159808.00 ,47126081536.00 ,48094068736.00 ,47276421120.00 ,46826635264.00 ,,413948731392.00 
1:20:00,9901498368.00 ,36356853760.00 ,47442575360.00 ,48666714112.00 ,36535779328.00 ,46820188160.00 ,47284097024.00 ,48107716608.00 ,47621087232.00 ,47022821376.00 ,,415759331328.00 
1:20:15,9902006272.00 ,36537417728.00 ,47445426176.00 ,48828280832.00 ,36538134528.00 ,46826119168.00 ,47460900864.00 ,48259399680.00 ,47787646976.00 ,47380602880.00 ,,416965935104.00 
1:20:30,9899749376.00 ,2664165376.00 ,2636754944.00 ,2642366464.00 ,2518347776.00 ,2473934848.00 ,2692182016.00 ,2556375040.00 ,2594955264.00 ,2591092736.00 ,,33269923840.00 
,,,,,,,,,,,,
,9955266560.00 ,36537417728.00 ,47445426176.00 ,48828280832.00 ,36538134528.00 ,46826119168.00 ,47460900864.00 ,48259399680.00 ,47787646976.00 ,47380602880.00 ,,417019195392.00 
,,,,,,,,,,,,
1:20:45,9389850624.00 ,2653609984.00 ,2627174400.00 ,2638745600.00 ,2520322048.00 ,2482167808.00 ,2692235264.00 ,2549092352.00 ,2583019520.00 ,2587348992.00 ,,32723566592.00 
1:21:00,9378861056.00 ,2656493568.00 ,2629619712.00 ,2635182080.00 ,2521432064.00 ,2482311168.00 ,2688241664.00 ,2553004032.00 ,2581950464.00 ,2586140672.00 ,,32713236480.00 
1:21:15,9387659264.00 ,2653118464.00 ,2627420160.00 ,2637520896.00 ,2520645632.00 ,2482724864.00 ,2687610880.00 ,2548924416.00 ,2580967424.00 ,2587164672.00 ,,32713756672.00 
1:21:30,9398976512.00 ,2651295744.00 ,2622324736.00 ,2635694080.00 ,2518364160.00 ,2481774592.00 ,2684551168.00 ,2549706752.00 ,2579734528.00 ,2597339136.00 ,,32719761408.00 
1:21:45,9390141440.00 ,2652069888.00 ,2631749632.00 ,2637012992.00 ,2518867968.00 ,2488049664.00 ,2685423616.00 ,2547818496.00 ,2579058688.00 ,2586611712.00 ,,32716804096.00 
1:22:00,9395445760.00 ,2651398144.00 ,2625052672.00 ,2635915264.00 ,2518913024.00 ,2488721408.00 ,2684645376.00 ,2549137408.00 ,2579652608.00 ,2587107328.00 ,,32715988992.00 
1:22:15,9388081152.00 ,2649612288.00 ,2622427136.00 ,2638495744.00 ,2520805376.00 ,2488967168.00 ,2683867136.00 ,2556264448.00 ,2577805312.00 ,2587607040.00 ,,32713932800.00 
1:22:30,9584349184.00 ,3871784960.00 ,4032180224.00 ,3738832896.00 ,3890180096.00 ,3862138880.00 ,4312379392.00 ,3906015232.00 ,3705950208.00 ,3703152640.00 ,,44606963712.00 
1:22:45,9898340352.00 ,23063392256.00 ,21749805056.00 ,17798443008.00 ,22948593664.00 ,22830276608.00 ,21763362816.00 ,21865668608.00 ,17875030016.00 ,19018158080.00 ,,198811070464.00 
1:23:00,10016931840.00 ,24441253888.00 ,22779985920.00 ,18811535360.00 ,24013971456.00 ,24339755008.00 ,22698582016.00 ,22908870656.00 ,19151155200.00 ,20184555520.00 ,,209346596864.00 
1:23:15,9894842368.00 ,24551747584.00 ,22795317248.00 ,18836840448.00 ,24329437184.00 ,24519151616.00 ,22797828096.00 ,23033847808.00 ,19161600000.00 ,20177068032.00 ,,210097680384.00 
1:23:30,9902809088.00 ,24628920320.00 ,22796136448.00 ,18820644864.00 ,24414867456.00 ,24524750848.00 ,22790909952.00 ,23043436544.00 ,19160137728.00 ,20170342400.00 ,,210252955648.00 
1:23:45,9907425280.00 ,27948408832.00 ,27791626240.00 ,22944026624.00 ,28454944768.00 ,29129375744.00 ,32464543744.00 ,27199426560.00 ,22531092480.00 ,23236562944.00 ,,251607433216.00 
1:24:00,9922101248.00 ,33495629824.00 ,33274605568.00 ,27104780288.00 ,32949485568.00 ,32918511616.00 ,37610975232.00 ,32503349248.00 ,26570244096.00 ,27069808640.00 ,,293419491328.00 
1:24:15,9908527104.00 ,40093839360.00 ,40279465984.00 ,31272407040.00 ,40284577792.00 ,40387145728.00 ,43985092608.00 ,40026877952.00 ,31183175680.00 ,31502438400.00 ,,348923547648.00 
1:24:30,9904930816.00 ,44589469696.00 ,45099724800.00 ,34851975168.00 ,44919369728.00 ,44923793408.00 ,48745693184.00 ,44583772160.00 ,34335043584.00 ,34842836992.00 ,,386796609536.00 
1:24:45,9904398336.00 ,51219279872.00 ,51906187264.00 ,39929139200.00 ,51575992320.00 ,51374149632.00 ,55307849728.00 ,51266895872.00 ,39769075712.00 ,39957655552.00 ,,442210623488.00 
1:25:00,9896337408.00 ,52884721664.00 ,53774004224.00 ,41055772672.00 ,52770201600.00 ,52977635328.00 ,40660406272.00 ,52908888064.00 ,40466857984.00 ,40668340224.00 ,,438063165440.00 
1:25:15,9894735872.00 ,16051695616.00 ,2615824384.00 ,2609692672.00 ,2535002112.00 ,2472640512.00 ,2671738880.00 ,2537250816.00 ,2577293312.00 ,2560618496.00 ,,46526492672.00 
1:25:30,9376088064.00 ,2631065600.00 ,2611085312.00 ,2618720256.00 ,2500055040.00 ,2478534656.00 ,2669621248.00 ,2532581376.00 ,2575388672.00 ,2557935616.00 ,,32551075840.00 
1:25:45,9384505344.00 ,2632007680.00 ,2607296512.00 ,2615975936.00 ,2507788288.00 ,2476072960.00 ,2669174784.00 ,2529767424.00 ,2574213120.00 ,2556350464.00 ,,32553152512.00 
1:26:00,9392664576.00 ,2626764800.00 ,2606862336.00 ,2615267328.00 ,2509520896.00 ,2482774016.00 ,2668564480.00 ,2532184064.00 ,2575007744.00 ,2565091328.00 ,,32574701568.00 
1:26:15,9558163456.00 ,2630385664.00 ,2622074880.00 ,2617692160.00 ,2506735616.00 ,2484068352.00 ,2668068864.00 ,2537365504.00 ,2574675968.00 ,2565595136.00 ,,32764825600.00 
1:26:30,9386606592.00 ,2633912320.00 ,2604974080.00 ,2613714944.00 ,2504622080.00 ,2482376704.00 ,2665730048.00 ,2535575552.00 ,2570792960.00 ,2572890112.00 ,,32571195392.00 
1:26:45,9384972288.00 ,2628771840.00 ,2603925504.00 ,2616041472.00 ,2505990144.00 ,2483384320.00 ,2667704320.00 ,2534109184.00 ,2570756096.00 ,2565722112.00 ,,32561377280.00 
1:27:00,9901907968.00 ,4080766976.00 ,4197728256.00 ,3815575552.00 ,7353647104.00 ,7371304960.00 ,4243603456.00 ,4092825600.00 ,7939125248.00 ,4142333952.00 ,,57138819072.00 
1:27:15,9917104128.00 ,4168953856.00 ,4304146432.00 ,3861975040.00 ,7447330816.00 ,8597762048.00 ,4370042880.00 ,4216004608.00 ,9196920832.00 ,4231417856.00 ,,60311658496.00 
1:27:30,9909198848.00 ,4213596160.00 ,4374888448.00 ,3911483392.00 ,7486337024.00 ,8658698240.00 ,4447449088.00 ,4267409408.00 ,9265414144.00 ,4293328896.00 ,,60827803648.00 
1:27:45,9902972928.00 ,16150106112.00 ,20906803200.00 ,12530286592.00 ,20247994368.00 ,17005789184.00 ,21290131456.00 ,20223401984.00 ,22264156160.00 ,21232992256.00 ,,181754634240.00 
1:28:00,9903497216.00 ,20406038528.00 ,28521693184.00 ,15551479808.00 ,27978219520.00 ,22350385152.00 ,28681732096.00 ,27564638208.00 ,28394254336.00 ,28045484032.00 ,,237397422080.00 
1:28:15,9894580224.00 ,27178668032.00 ,36789751808.00 ,19342770176.00 ,36290592768.00 ,28976406528.00 ,36841394176.00 ,36445638656.00 ,36917284864.00 ,36780998656.00 ,,305458085888.00 
1:28:30,9896120320.00 ,34835443712.00 ,47435227136.00 ,24619233280.00 ,46357061632.00 ,36607590400.00 ,47477030912.00 ,46637871104.00 ,47274037248.00 ,47155306496.00 ,,388294922240.00 
1:28:45,9895047168.00 ,40218501120.00 ,54781296640.00 ,28488937472.00 ,54058856448.00 ,42167046144.00 ,55400681472.00 ,54581866496.00 ,55400886272.00 ,54920810496.00 ,,449913929728.00 
1:29:00,9899249664.00 ,46705504256.00 ,62597058560.00 ,32246591488.00 ,53756145664.00 ,47759777792.00 ,52472872960.00 ,62576467968.00 ,43144028160.00 ,46999097344.00 ,,458156793856.00 
1:29:15,9899188224.00 ,31799132160.00 ,32266948608.00 ,32248320000.00 ,32405741568.00 ,32448745472.00 ,32494866432.00 ,47309688832.00 ,17557901312.00 ,31945826304.00 ,,300376358912.00 
1:29:30,10119462912.00 ,31793487872.00 ,32265723904.00 ,32245288960.00 ,32404942848.00 ,32444583936.00 ,32493608960.00 ,47311806464.00 ,17549254656.00 ,31943561216.00 ,,300571721728.00 
1:29:45,9908498432.00 ,31791546368.00 ,32260521984.00 ,32245846016.00 ,32406614016.00 ,32446922752.00 ,32490704896.00 ,47304982528.00 ,17550188544.00 ,31940366336.00 ,,300346191872.00 
1:30:00,10232426496.00 ,2642485248.00 ,2503663616.00 ,2622488576.00 ,2517594112.00 ,2467024896.00 ,2544476160.00 ,2453151744.00 ,2561617920.00 ,2566975488.00 ,,33111904256.00 
,,,,,,,,,,,,0.00 
