Time,emr-header-1/used,emr-worker-1/used,emr-worker-10/used,emr-worker-11/used,emr-worker-12/used,emr-worker-13/used,emr-worker-14/used,emr-worker-15/used,emr-worker-16/used,emr-worker-17/used,emr-worker-18/used,emr-worker-19/used,emr-worker-2/used,emr-worker-20/used,emr-worker-21/used,emr-worker-22/used,emr-worker-23/used,emr-worker-24/used,emr-worker-25/used,emr-worker-26/used,emr-worker-27/used,emr-worker-28/used,emr-worker-29/used,emr-worker-3/used,emr-worker-30/used,emr-worker-31/used,emr-worker-32/used,emr-worker-33/used,emr-worker-34/used,emr-worker-35/used,emr-worker-36/used,emr-worker-37/used,emr-worker-38/used,emr-worker-39/used,emr-worker-4/used,emr-worker-40/used,emr-worker-41/used,emr-worker-42/used,emr-worker-43/used,emr-worker-44/used,emr-worker-45/used,emr-worker-46/used,emr-worker-47/used,emr-worker-48/used,emr-worker-49/used,emr-worker-5/used,emr-worker-50/used,emr-worker-6/used,emr-worker-7/used,emr-worker-8/used,emr-worker-9/used,,,,,,
15:15:00,10435657728.00 ,3752632320.00 ,3691999232.00 ,3569672192.00 ,3213410304.00 ,3125456896.00 ,3158724608.00 ,3253956608.00 ,3596107776.00 ,3132362752.00 ,3602493440.00 ,3173744640.00 ,3056783360.00 ,3162775552.00 ,3115905024.00 ,3210649600.00 ,3199778816.00 ,3657850880.00 ,6834925568.00 ,3181297664.00 ,3651821568.00 ,3589787648.00 ,3147857920.00 ,3175620608.00 ,3229016064.00 ,3186352128.00 ,3643248640.00 ,3168686080.00 ,3191734272.00 ,3117219840.00 ,3596369920.00 ,3612512256.00 ,3202052096.00 ,3650449408.00 ,3175931904.00 ,3125690368.00 ,3091427328.00 ,3221790720.00 ,3087110144.00 ,3586715648.00 ,3167485952.00 ,3143458816.00 ,7996715008.00 ,3138146304.00 ,3139117056.00 ,3210711040.00 ,3178430464.00 ,3623178240.00 ,3631149056.00 ,3681517568.00 ,3656114176.00 ,,185143603200.00 ,,,,
15:15:15,10434752512.00 ,8645107712.00 ,8901910528.00 ,10484002816.00 ,6800945152.00 ,6730354688.00 ,6976294912.00 ,7253925888.00 ,11343208448.00 ,6707720192.00 ,10651615232.00 ,6491570176.00 ,5195235328.00 ,6612029440.00 ,7138865152.00 ,7275192320.00 ,6650257408.00 ,10493063168.00 ,7050711040.00 ,7264968704.00 ,10507849728.00 ,11288883200.00 ,6826737664.00 ,6820589568.00 ,7268425728.00 ,7125241856.00 ,10989703168.00 ,5369110528.00 ,7264227328.00 ,6472916992.00 ,10818093056.00 ,10956034048.00 ,4890177536.00 ,11738931200.00 ,6085718016.00 ,7244550144.00 ,6201827328.00 ,7304798208.00 ,6709080064.00 ,11259461632.00 ,7393845248.00 ,7205818368.00 ,8177815552.00 ,7276752896.00 ,7381610496.00 ,6593482752.00 ,7184838656.00 ,10294812672.00 ,10301665280.00 ,9571897344.00 ,10579451904.00 ,,414206078976.00 ,,,,
15:15:30,10439061504.00 ,14203125760.00 ,11631624192.00 ,14243553280.00 ,8297537536.00 ,8191737856.00 ,8415477760.00 ,8814108672.00 ,14177972224.00 ,8147791872.00 ,13938593792.00 ,8238006272.00 ,8007499776.00 ,8178216960.00 ,8106483712.00 ,9115701248.00 ,7962652672.00 ,13900713984.00 ,8320770048.00 ,8323477504.00 ,14222147584.00 ,14029246464.00 ,8581455872.00 ,8474218496.00 ,8622342144.00 ,8475090944.00 ,14573223936.00 ,8124141568.00 ,8644628480.00 ,8099635200.00 ,14399123456.00 ,14651138048.00 ,8247906304.00 ,14003200000.00 ,8112713728.00 ,8271654912.00 ,7874072576.00 ,8362504192.00 ,8078471168.00 ,14214086656.00 ,8912261120.00 ,8502235136.00 ,8947077120.00 ,8105377792.00 ,8754434048.00 ,8277180416.00 ,8286781440.00 ,13806608384.00 ,13713985536.00 ,14068850688.00 ,14276460544.00 ,,524366360576.00 ,,,,
15:15:45,10432708608.00 ,18800676864.00 ,13789589504.00 ,18579398656.00 ,10233286656.00 ,10011439104.00 ,10503995392.00 ,10996969472.00 ,18126745600.00 ,9060265984.00 ,18005577728.00 ,10323693568.00 ,9823784960.00 ,10482077696.00 ,10163970048.00 ,11135684608.00 ,8749432832.00 ,18271158272.00 ,10406977536.00 ,10713468928.00 ,18681225216.00 ,18182389760.00 ,10517610496.00 ,10655813632.00 ,11080179712.00 ,10460659712.00 ,18751381504.00 ,10383474688.00 ,10605309952.00 ,9883959296.00 ,18145624064.00 ,18657579008.00 ,10446897152.00 ,18238640128.00 ,9857044480.00 ,10090586112.00 ,8522088448.00 ,10909511680.00 ,9882947584.00 ,18565242880.00 ,11140710400.00 ,10346225664.00 ,10149789696.00 ,10140975104.00 ,11181318144.00 ,10422300672.00 ,10367995904.00 ,18154450944.00 ,17361649664.00 ,18382835712.00 ,18322272256.00 ,,657099591680.00 ,,,,
15:16:00,10427027456.00 ,23047016448.00 ,16071311360.00 ,23128846336.00 ,12613156864.00 ,12161974272.00 ,12632719360.00 ,13120921600.00 ,22779625472.00 ,10815717376.00 ,22860570624.00 ,12437381120.00 ,11769561088.00 ,12905791488.00 ,12350521344.00 ,13429309440.00 ,10551296000.00 ,22749032448.00 ,12682211328.00 ,12890361856.00 ,23099080704.00 ,22632943616.00 ,12765679616.00 ,12833636352.00 ,13044568064.00 ,12664209408.00 ,23368077312.00 ,12446588928.00 ,12963610624.00 ,12278185984.00 ,22713307136.00 ,23223959552.00 ,12667801600.00 ,22385205248.00 ,11969830912.00 ,12353576960.00 ,10047033344.00 ,13196951552.00 ,12156203008.00 ,23202865152.00 ,13540487168.00 ,12690812928.00 ,12239478784.00 ,12286115840.00 ,13224722432.00 ,12564733952.00 ,12661841920.00 ,22623531008.00 ,21992943616.00 ,22697611264.00 ,22702923776.00 ,,802662871040.00 ,,,,
15:16:15,10439077888.00 ,27122958336.00 ,18255908864.00 ,27095732224.00 ,14397923328.00 ,14085980160.00 ,14803316736.00 ,14988333056.00 ,26525790208.00 ,12148199424.00 ,26581790720.00 ,14485397504.00 ,14031085568.00 ,14701707264.00 ,14404141056.00 ,15234154496.00 ,11931672576.00 ,26705895424.00 ,14788980736.00 ,14807490560.00 ,27036237824.00 ,26735788032.00 ,14587236352.00 ,14625308672.00 ,14849925120.00 ,14467887104.00 ,27208515584.00 ,14621184000.00 ,14745616384.00 ,14460342272.00 ,26544148480.00 ,27071381504.00 ,14822989824.00 ,26207383552.00 ,14146850816.00 ,14179147776.00 ,11694047232.00 ,15109787648.00 ,13990010880.00 ,27361701888.00 ,15321686016.00 ,14640209920.00 ,14067478528.00 ,14187438080.00 ,15637061632.00 ,14759587840.00 ,14638366720.00 ,26854035456.00 ,26057756672.00 ,26598817792.00 ,26862657536.00 ,,931626123264.00 ,,,,
15:16:30,10522943488.00 ,30683623424.00 ,19875807232.00 ,30437588992.00 ,16374308864.00 ,15982161920.00 ,16443011072.00 ,16713474048.00 ,30360788992.00 ,13499633664.00 ,30001889280.00 ,16200871936.00 ,15659859968.00 ,16513335296.00 ,16350547968.00 ,17062965248.00 ,13480693760.00 ,30186991616.00 ,16397160448.00 ,16820797440.00 ,30733225984.00 ,30174711808.00 ,16344006656.00 ,16433496064.00 ,16705355776.00 ,16515510272.00 ,30807453696.00 ,16590921728.00 ,16581042176.00 ,16075374592.00 ,30426996736.00 ,30585466880.00 ,16650166272.00 ,29935722496.00 ,15738847232.00 ,15974211584.00 ,13071777792.00 ,16722448384.00 ,15797710848.00 ,31026745344.00 ,17115795456.00 ,16579796992.00 ,15950364672.00 ,16191770624.00 ,17355878400.00 ,16602157056.00 ,16260067328.00 ,30058729472.00 ,29407277056.00 ,30002597888.00 ,30363176960.00 ,,1048347258880.00 ,,,,
15:16:45,9914413056.00 ,31548170240.00 ,20444676096.00 ,31390568448.00 ,16680550400.00 ,16292823040.00 ,16787861504.00 ,17303031808.00 ,31145553920.00 ,13732524032.00 ,31256375296.00 ,16572641280.00 ,16271970304.00 ,17075281920.00 ,16633933824.00 ,2747768832.00 ,13820035072.00 ,31386750976.00 ,17006317568.00 ,17123323904.00 ,31825711104.00 ,31045136384.00 ,16984125440.00 ,17015631872.00 ,17016541184.00 ,16761462784.00 ,31974715392.00 ,17161744384.00 ,16818110464.00 ,16685019136.00 ,30997606400.00 ,31656402944.00 ,2722390016.00 ,30178656256.00 ,16328749056.00 ,16258334720.00 ,13634183168.00 ,17097281536.00 ,16441073664.00 ,17071767552.00 ,17404243968.00 ,16892723200.00 ,16458223616.00 ,7982960640.00 ,2670084096.00 ,16903643136.00 ,16548577280.00 ,31563538432.00 ,30653943808.00 ,31176871936.00 ,31154065408.00 ,,1010218090496.00 ,,,,
15:17:00,9908166656.00 ,2843369472.00 ,2676068352.00 ,2671706112.00 ,2723151872.00 ,2658099200.00 ,2695819264.00 ,2782224384.00 ,2706137088.00 ,2657742848.00 ,2696167424.00 ,2702831616.00 ,2583527424.00 ,2692546560.00 ,2660712448.00 ,2758541312.00 ,2679869440.00 ,2747129856.00 ,2644758528.00 ,2712981504.00 ,2741944320.00 ,2672148480.00 ,2694762496.00 ,2720206848.00 ,2760249344.00 ,2716725248.00 ,2712096768.00 ,2713427968.00 ,2708418560.00 ,2675625984.00 ,2685984768.00 ,2718642176.00 ,2721271808.00 ,2734751744.00 ,2694230016.00 ,2682818560.00 ,2629722112.00 ,2756788224.00 ,2637524992.00 ,2665390080.00 ,2714484736.00 ,2664992768.00 ,2678616064.00 ,2657914880.00 ,2674597888.00 ,2729062400.00 ,2705457152.00 ,2717097984.00 ,2719727616.00 ,2753826816.00 ,2727366656.00 ,,144987426816.00 ,,,,
15:17:15,9956208640.00 ,2850164736.00 ,2673815552.00 ,2670051328.00 ,2724843520.00 ,2659221504.00 ,2695069696.00 ,2784382976.00 ,2706829312.00 ,2659164160.00 ,2693537792.00 ,2702667776.00 ,2585583616.00 ,2680360960.00 ,2658459648.00 ,2759233536.00 ,2677145600.00 ,2747752448.00 ,2643869696.00 ,2716545024.00 ,2752237568.00 ,2673004544.00 ,2695696384.00 ,2718822400.00 ,2752237568.00 ,2718429184.00 ,2712444928.00 ,2713309184.00 ,2694303744.00 ,2676084736.00 ,2680786944.00 ,2709118976.00 ,2723110912.00 ,2735382528.00 ,2692509696.00 ,2684383232.00 ,2628333568.00 ,2759536640.00 ,2634563584.00 ,2664783872.00 ,2712190976.00 ,2680811520.00 ,2674872320.00 ,2650624000.00 ,2668617728.00 ,2731704320.00 ,2702991360.00 ,2719019008.00 ,2715455488.00 ,2762706944.00 ,2737606656.00 ,,145020588032.00 ,,,,
15:17:30,9903616000.00 ,2850967552.00 ,2671001600.00 ,2668204032.00 ,2721386496.00 ,2654687232.00 ,2693681152.00 ,2777821184.00 ,2714480640.00 ,2662760448.00 ,2692055040.00 ,2700988416.00 ,2586300416.00 ,2680004608.00 ,2656923648.00 ,2759151616.00 ,2674888704.00 ,2745786368.00 ,2640814080.00 ,2714357760.00 ,2737053696.00 ,2671398912.00 ,2696257536.00 ,2715938816.00 ,2758320128.00 ,2716807168.00 ,2708488192.00 ,2712551424.00 ,2693554176.00 ,2674376704.00 ,2675572736.00 ,2707832832.00 ,2722160640.00 ,2732625920.00 ,2691735552.00 ,2682920960.00 ,2626625536.00 ,2758987776.00 ,2635538432.00 ,2663886848.00 ,2709929984.00 ,2675126272.00 ,2672820224.00 ,2656772096.00 ,2673373184.00 ,2740019200.00 ,2701623296.00 ,2716913664.00 ,2713837568.00 ,2757652480.00 ,2723393536.00 ,,144893972480.00 ,,,,
15:17:45,10428297216.00 ,2849349632.00 ,2954362880.00 ,2671501312.00 ,2732945408.00 ,2657394688.00 ,2694942720.00 ,3116277760.00 ,2714763264.00 ,2658041856.00 ,2692239360.00 ,2702118912.00 ,2585739264.00 ,3004436480.00 ,2659823616.00 ,3084537856.00 ,2965307392.00 ,2749161472.00 ,2969120768.00 ,3046883328.00 ,2739830784.00 ,2677432320.00 ,3021086720.00 ,2718842880.00 ,3077885952.00 ,2717413376.00 ,2719887360.00 ,2711126016.00 ,2692059136.00 ,2964914176.00 ,2681769984.00 ,2711330816.00 ,2721828864.00 ,2733760512.00 ,2708017152.00 ,2682732544.00 ,2629074944.00 ,3087425536.00 ,2961956864.00 ,2663030784.00 ,3048718336.00 ,3005288448.00 ,3001966592.00 ,2646282240.00 ,2668187648.00 ,2743799808.00 ,3031064576.00 ,2717495296.00 ,2714775552.00 ,2760228864.00 ,2726211584.00 ,,150622670848.00 ,,,,
15:18:00,10636136448.00 ,2849996800.00 ,3085828096.00 ,2671628288.00 ,2745008128.00 ,2656075776.00 ,2694094848.00 ,3423080448.00 ,2711416832.00 ,2656198656.00 ,2691497984.00 ,2701864960.00 ,3147800576.00 ,3291672576.00 ,2658938880.00 ,3407908864.00 ,2964623360.00 ,2761768960.00 ,3284865024.00 ,3382550528.00 ,2737917952.00 ,2676248576.00 ,7372636160.00 ,2717630464.00 ,6875992064.00 ,2717999104.00 ,2711625728.00 ,6999773184.00 ,2691563520.00 ,6769672192.00 ,2680492032.00 ,2710413312.00 ,3264577536.00 ,2732511232.00 ,2693271552.00 ,2681143296.00 ,2637094912.00 ,3416657920.00 ,3304185856.00 ,2676031488.00 ,7717736448.00 ,3357761536.00 ,3339759616.00 ,2656989184.00 ,2674671616.00 ,2734333952.00 ,3369295872.00 ,2716307456.00 ,2714873856.00 ,2765463552.00 ,2725781504.00 ,,176263368704.00 ,,,,
15:18:15,10442043392.00 ,2847592448.00 ,3087847424.00 ,2670792704.00 ,2733371392.00 ,2660155392.00 ,2693869568.00 ,3907903488.00 ,2718752768.00 ,2664083456.00 ,2692890624.00 ,2702348288.00 ,3576848384.00 ,3780923392.00 ,2656997376.00 ,3868999680.00 ,2967896064.00 ,2754920448.00 ,3749535744.00 ,3863666688.00 ,2740559872.00 ,2680033280.00 ,8270524416.00 ,2718765056.00 ,6858022912.00 ,2717446144.00 ,2711695360.00 ,8338116608.00 ,2692628480.00 ,6773071872.00 ,2679521280.00 ,2710573056.00 ,3702132736.00 ,2733334528.00 ,2695184384.00 ,2682388480.00 ,2637262848.00 ,3870670848.00 ,3784986624.00 ,2664361984.00 ,8381284352.00 ,3867529216.00 ,3828240384.00 ,2649436160.00 ,2669400064.00 ,2744012800.00 ,3853905920.00 ,2718842880.00 ,2717319168.00 ,2765295616.00 ,2732212224.00 ,,184630198272.00 ,,,,
15:18:30,10433495040.00 ,2853457920.00 ,3079012352.00 ,2668642304.00 ,2728411136.00 ,2659418112.00 ,2692894720.00 ,4321554432.00 ,2718158848.00 ,2671730688.00 ,2690088960.00 ,2700640256.00 ,4075196416.00 ,4217683968.00 ,2656354304.00 ,4288471040.00 ,2962903040.00 ,2753908736.00 ,4191211520.00 ,4266672128.00 ,2736185344.00 ,2679320576.00 ,8942116864.00 ,2713829376.00 ,6881296384.00 ,2715623424.00 ,2708070400.00 ,8933052416.00 ,2702192640.00 ,6786740224.00 ,2677551104.00 ,2709213184.00 ,4175020032.00 ,2731134976.00 ,2692038656.00 ,2682400768.00 ,2634874880.00 ,4300767232.00 ,4185006080.00 ,2660818944.00 ,9064558592.00 ,4297121792.00 ,4216033280.00 ,2656522240.00 ,2670796800.00 ,2747789312.00 ,4245839872.00 ,2718617600.00 ,2715721728.00 ,2764423168.00 ,2730954752.00 ,,191705538560.00 ,,,,
15:18:45,10518904832.00 ,2848288768.00 ,3087785984.00 ,2672648192.00 ,2731806720.00 ,2682523648.00 ,2694533120.00 ,4638445568.00 ,2718867456.00 ,2665000960.00 ,2693431296.00 ,2701561856.00 ,4394225664.00 ,4487872512.00 ,2670522368.00 ,4591992832.00 ,2963894272.00 ,2755444736.00 ,4443246592.00 ,4606722048.00 ,2744623104.00 ,2678722560.00 ,9032617984.00 ,2718281728.00 ,6862893056.00 ,2716438528.00 ,2710548480.00 ,9054621696.00 ,2701680640.00 ,6781976576.00 ,2680279040.00 ,2723880960.00 ,4544393216.00 ,2734514176.00 ,2692927488.00 ,2681765888.00 ,2637398016.00 ,4602294272.00 ,4507078656.00 ,2667589632.00 ,9125052416.00 ,4637245440.00 ,4570472448.00 ,2655977472.00 ,2667970560.00 ,2745442304.00 ,4588756992.00 ,2716655616.00 ,2716065792.00 ,2766319616.00 ,2739412992.00 ,,195971616768.00 ,,,,
15:19:00,10426519552.00 ,2845138944.00 ,3864698880.00 ,2671804416.00 ,2732376064.00 ,2670563328.00 ,2708140032.00 ,9357520896.00 ,2715992064.00 ,2674835456.00 ,2695954432.00 ,2702049280.00 ,9041125376.00 ,9262911488.00 ,2659078144.00 ,9350520832.00 ,2965159936.00 ,2752487424.00 ,9259679744.00 ,9284141056.00 ,2745860096.00 ,2677501952.00 ,9650835456.00 ,2718113792.00 ,9372676096.00 ,2728398848.00 ,2712576000.00 ,9441452032.00 ,2699776000.00 ,9201119232.00 ,2689413120.00 ,2710216704.00 ,9177280512.00 ,2732404736.00 ,2691858432.00 ,2682429440.00 ,2639822848.00 ,9364975616.00 ,9186353152.00 ,2670370816.00 ,9770496000.00 ,9282441216.00 ,9254887424.00 ,2666041344.00 ,2687606784.00 ,2744090624.00 ,9311072256.00 ,2714533888.00 ,2718363648.00 ,2767003648.00 ,2732830720.00 ,,259783499776.00 ,,,,
15:19:15,10448117760.00 ,2849292288.00 ,3934601216.00 ,2669027328.00 ,2732384256.00 ,2670460928.00 ,2705707008.00 ,11075112960.00 ,2717278208.00 ,2664734720.00 ,2696794112.00 ,2703142912.00 ,10602082304.00 ,10835869696.00 ,2660978688.00 ,10963881984.00 ,2963832832.00 ,2754252800.00 ,10843820032.00 ,11000381440.00 ,2746507264.00 ,2685956096.00 ,10774663168.00 ,2720313344.00 ,10994388992.00 ,2727157760.00 ,2710863872.00 ,10576441344.00 ,2699653120.00 ,10900860928.00 ,2690203648.00 ,2709610496.00 ,10719653888.00 ,2743877632.00 ,2700480512.00 ,2682916864.00 ,2641928192.00 ,10955411456.00 ,10891362304.00 ,2670211072.00 ,10801217536.00 ,10958020608.00 ,11005378560.00 ,2657779712.00 ,2668421120.00 ,2747301888.00 ,11053645824.00 ,2717356032.00 ,2731872256.00 ,2767265792.00 ,2734452736.00 ,,286276927488.00 ,,,,
15:19:30,10658484224.00 ,2842615808.00 ,3970584576.00 ,2675458048.00 ,2731020288.00 ,2668167168.00 ,2693738496.00 ,12573294592.00 ,2712309760.00 ,2665254912.00 ,2688409600.00 ,2702520320.00 ,12055261184.00 ,12316528640.00 ,2657710080.00 ,12443201536.00 ,2957987840.00 ,2749120512.00 ,12310745088.00 ,12489474048.00 ,2745655296.00 ,2678669312.00 ,12186230784.00 ,2718224384.00 ,12338257920.00 ,2725408768.00 ,2716061696.00 ,11962191872.00 ,2701635584.00 ,12351651840.00 ,2684076032.00 ,2710208512.00 ,12181745664.00 ,2733047808.00 ,2697330688.00 ,2683490304.00 ,2633129984.00 ,12426678272.00 ,12408033280.00 ,2664226816.00 ,12427132928.00 ,12466995200.00 ,12520472576.00 ,2667503616.00 ,2673881088.00 ,2740322304.00 ,12560887808.00 ,2715865088.00 ,2724601856.00 ,2763304960.00 ,2731470848.00 ,,311500279808.00 ,,,,
15:19:45,10438758400.00 ,2846982144.00 ,4024848384.00 ,2688987136.00 ,2730848256.00 ,2670993408.00 ,2694909952.00 ,14010322944.00 ,2725687296.00 ,2666467328.00 ,2689142784.00 ,2703749120.00 ,13609857024.00 ,13931835392.00 ,2664214528.00 ,14038728704.00 ,2956480512.00 ,2749210624.00 ,13902241792.00 ,13911539712.00 ,2746843136.00 ,2680287232.00 ,13608640512.00 ,2718973952.00 ,13848862720.00 ,2730696704.00 ,2717843456.00 ,13397188608.00 ,2709676032.00 ,13857333248.00 ,2688421888.00 ,2712645632.00 ,13744185344.00 ,2732896256.00 ,2699292672.00 ,2683068416.00 ,2634846208.00 ,14044205056.00 ,13856346112.00 ,2666442752.00 ,13886009344.00 ,13888802816.00 ,13955858432.00 ,2659852288.00 ,2667876352.00 ,2741231616.00 ,13972430848.00 ,2719236096.00 ,2725281792.00 ,2766966784.00 ,2733748224.00 ,,336851795968.00 ,,,,
15:20:00,10442129408.00 ,2859118592.00 ,4094275584.00 ,2670301184.00 ,2724425728.00 ,2670387200.00 ,2691645440.00 ,15500025856.00 ,2706870272.00 ,2663981056.00 ,2691895296.00 ,2710724608.00 ,15063011328.00 ,15229214720.00 ,2657783808.00 ,15348752384.00 ,2957082624.00 ,2745901056.00 ,15210168320.00 ,15442501632.00 ,2744049664.00 ,2677870592.00 ,15187009536.00 ,2713305088.00 ,15412772864.00 ,2725191680.00 ,2713243648.00 ,15036936192.00 ,2700345344.00 ,15414919168.00 ,2682281984.00 ,2707619840.00 ,15047626752.00 ,2735333376.00 ,2695643136.00 ,2677796864.00 ,2632556544.00 ,15353638912.00 ,15363014656.00 ,2664976384.00 ,15256580096.00 ,15391936512.00 ,15461449728.00 ,2661687296.00 ,2676051968.00 ,2739216384.00 ,15482232832.00 ,2729594880.00 ,2721857536.00 ,2758934528.00 ,2740588544.00 ,,361586458624.00 ,,,,
15:20:15,10438791168.00 ,2858057728.00 ,4152709120.00 ,2671460352.00 ,2723901440.00 ,2662477824.00 ,2690994176.00 ,16672579584.00 ,2710564864.00 ,2662285312.00 ,2690007040.00 ,2700025856.00 ,16316411904.00 ,16421761024.00 ,2657980416.00 ,16595861504.00 ,2957168640.00 ,2747293696.00 ,16410234880.00 ,16605036544.00 ,2742317056.00 ,2672234496.00 ,16176197632.00 ,2715381760.00 ,16552693760.00 ,2725183488.00 ,2712346624.00 ,16099880960.00 ,2702196736.00 ,16396718080.00 ,2681536512.00 ,2718502912.00 ,16411480064.00 ,2730106880.00 ,2694799360.00 ,2678046720.00 ,2632040448.00 ,16508436480.00 ,16540590080.00 ,2664951808.00 ,16442716160.00 ,16583258112.00 ,16619257856.00 ,2651279360.00 ,2663985152.00 ,2740948992.00 ,16651972608.00 ,2711805952.00 ,2721452032.00 ,2760708096.00 ,2731827200.00 ,,381380456448.00 ,,,,
15:20:30,10435051520.00 ,2856165376.00 ,4231409664.00 ,2669330432.00 ,2721955840.00 ,2660282368.00 ,2687676416.00 ,17739509760.00 ,2712477696.00 ,2658230272.00 ,2685558784.00 ,2697293824.00 ,17204715520.00 ,17477488640.00 ,2653663232.00 ,17600270336.00 ,2955194368.00 ,2745069568.00 ,17503965184.00 ,17706807296.00 ,2735927296.00 ,2671157248.00 ,17244651520.00 ,2713071616.00 ,17442623488.00 ,2718232576.00 ,2712948736.00 ,17141469184.00 ,2702622720.00 ,17483612160.00 ,2678362112.00 ,2702618624.00 ,17351737344.00 ,2724966400.00 ,2707914752.00 ,2673164288.00 ,2629427200.00 ,17566203904.00 ,17602580480.00 ,2661593088.00 ,17503563776.00 ,17640923136.00 ,17493401600.00 ,2658660352.00 ,2668531712.00 ,2740711424.00 ,17717731328.00 ,2712694784.00 ,2716200960.00 ,2767372288.00 ,2734145536.00 ,,398820937728.00 ,,,,
15:20:45,10429882368.00 ,2851696640.00 ,4245372928.00 ,2672267264.00 ,2723692544.00 ,2661437440.00 ,2686861312.00 ,17729679360.00 ,2710560768.00 ,2660638720.00 ,2689388544.00 ,2696876032.00 ,17552805888.00 ,17663455232.00 ,2658299904.00 ,17755918336.00 ,2956500992.00 ,2753724416.00 ,17674784768.00 ,17677111296.00 ,2742124544.00 ,2671411200.00 ,17438146560.00 ,2716049408.00 ,17606033408.00 ,2735747072.00 ,2718560256.00 ,17482940416.00 ,2702221312.00 ,2663936000.00 ,2682531840.00 ,2704740352.00 ,17694093312.00 ,2729787392.00 ,2694553600.00 ,2675970048.00 ,2631315456.00 ,17742659584.00 ,17592688640.00 ,2669056000.00 ,17648001024.00 ,17637236736.00 ,17664155648.00 ,2651525120.00 ,2668285952.00 ,2741374976.00 ,17717678080.00 ,2715000832.00 ,2718343168.00 ,2759491584.00 ,2734411776.00 ,,386401026048.00 ,,,,
15:21:00,9914998784.00 ,2849382400.00 ,4246282240.00 ,2670878720.00 ,2722570240.00 ,2663751680.00 ,2692395008.00 ,17729671168.00 ,2707988480.00 ,2661838848.00 ,2688630784.00 ,2695036928.00 ,17547055104.00 ,17662480384.00 ,2658258944.00 ,17759854592.00 ,2965188608.00 ,2745769984.00 ,17674604544.00 ,17677983744.00 ,2740453376.00 ,2676068352.00 ,17428180992.00 ,2713649152.00 ,17612419072.00 ,2722656256.00 ,2716520448.00 ,17481580544.00 ,2700836864.00 ,2663038976.00 ,2679504896.00 ,2704367616.00 ,17678053376.00 ,2729558016.00 ,2694262784.00 ,2676379648.00 ,2645458944.00 ,17737568256.00 ,17589919744.00 ,2663882752.00 ,17646358528.00 ,17637965824.00 ,17669861376.00 ,2660442112.00 ,2674126848.00 ,2745884672.00 ,17725202432.00 ,2710822912.00 ,2719514624.00 ,2758406144.00 ,2735099904.00 ,,385872666624.00 ,,,,
15:21:15,9905176576.00 ,2833420288.00 ,2668101632.00 ,2672852992.00 ,2723614720.00 ,2664132608.00 ,2690469888.00 ,2777288704.00 ,2709270528.00 ,2658033664.00 ,2688180224.00 ,2697973760.00 ,2589917184.00 ,2678775808.00 ,2659635200.00 ,2740961280.00 ,2677354496.00 ,2745208832.00 ,2677587968.00 ,2704736256.00 ,2740649984.00 ,2677600256.00 ,2698694656.00 ,2719399936.00 ,2756653056.00 ,2722594816.00 ,2723676160.00 ,2693783552.00 ,2708365312.00 ,2663981056.00 ,2680291328.00 ,2706190336.00 ,2721419264.00 ,2728951808.00 ,2692878336.00 ,2676498432.00 ,2633179136.00 ,2776043520.00 ,2637307904.00 ,2663436288.00 ,2695487488.00 ,2680971264.00 ,2686054400.00 ,2657685504.00 ,2666491904.00 ,2738880512.00 ,2719592448.00 ,2711748608.00 ,2719477760.00 ,2757414912.00 ,2735468544.00 ,,144953561088.00 ,,,,
15:21:30,9889128448.00 ,2845143040.00 ,2663526400.00 ,2667728896.00 ,2719559680.00 ,2661179392.00 ,2690215936.00 ,2773905408.00 ,2709700608.00 ,2658811904.00 ,2684198912.00 ,2703581184.00 ,2591268864.00 ,2677911552.00 ,2674241536.00 ,2738970624.00 ,2675011584.00 ,2745794560.00 ,2661236736.00 ,2700951552.00 ,2736869376.00 ,2677108736.00 ,2694479872.00 ,2733760512.00 ,2757984256.00 ,2719313920.00 ,2719105024.00 ,2688712704.00 ,2707660800.00 ,2660003840.00 ,2676965376.00 ,2705158144.00 ,2719444992.00 ,2733080576.00 ,2690916352.00 ,2671964160.00 ,2630074368.00 ,2775498752.00 ,2635096064.00 ,2660265984.00 ,2700271616.00 ,2678415360.00 ,2683322368.00 ,2661773312.00 ,2671280128.00 ,2737586176.00 ,2707771392.00 ,2711990272.00 ,2715721728.00 ,2754994176.00 ,2734989312.00 ,,144883646464.00 ,,,,
15:21:45,10459467776.00 ,2844971008.00 ,2666954752.00 ,2669400064.00 ,2720944128.00 ,2660401152.00 ,2695094272.00 ,2777464832.00 ,2709770240.00 ,2664873984.00 ,2685784064.00 ,2705547264.00 ,2596737024.00 ,2679369728.00 ,2658127872.00 ,2738962432.00 ,2676056064.00 ,2751275008.00 ,2663591936.00 ,2703925248.00 ,2739011584.00 ,2679463936.00 ,2697805824.00 ,2724872192.00 ,2753167360.00 ,2721796096.00 ,2724380672.00 ,2704543744.00 ,2708324352.00 ,2663825408.00 ,2678239232.00 ,2708697088.00 ,2719924224.00 ,2734297088.00 ,2692063232.00 ,2684825600.00 ,2633117696.00 ,2773282816.00 ,2636566528.00 ,2662559744.00 ,2693099520.00 ,2695708672.00 ,2685616128.00 ,2655117312.00 ,2666176512.00 ,2737643520.00 ,2708697088.00 ,2711105536.00 ,2716672000.00 ,2756227072.00 ,2733821952.00 ,,145529368576.00 ,,,,
15:22:00,10433110016.00 ,3223048192.00 ,3026366464.00 ,3002347520.00 ,4187287552.00 ,3934412800.00 ,4081508352.00 ,4065845248.00 ,3065974784.00 ,3028414464.00 ,3296370688.00 ,3041775616.00 ,2587992064.00 ,3065827328.00 ,4478468096.00 ,2738294784.00 ,2673586176.00 ,3101048832.00 ,3201413120.00 ,4748398592.00 ,3093852160.00 ,3048628224.00 ,3797757952.00 ,3758792704.00 ,4417871872.00 ,4103163904.00 ,3101114368.00 ,2697666560.00 ,4762275840.00 ,2663055360.00 ,3042791424.00 ,3437694976.00 ,3048267776.00 ,4517806080.00 ,3035840512.00 ,2686758912.00 ,2979213312.00 ,2768478208.00 ,3747094528.00 ,3036483584.00 ,2684678144.00 ,3055104000.00 ,3067052032.00 ,5407330304.00 ,3052093440.00 ,3068850176.00 ,2716536832.00 ,3056136192.00 ,3061989376.00 ,3092738048.00 ,3358994432.00 ,,178347601920.00 ,,,,
15:22:15,10449260544.00 ,3285942272.00 ,8536244224.00 ,4133826560.00 ,8630009856.00 ,8511758336.00 ,8598831104.00 ,6932602880.00 ,4244467712.00 ,4287401984.00 ,6901981184.00 ,4163047424.00 ,2589499392.00 ,8558403584.00 ,8480681984.00 ,2739245056.00 ,2676207616.00 ,4167880704.00 ,6834831360.00 ,8617127936.00 ,4213317632.00 ,4191649792.00 ,8600244224.00 ,8566255616.00 ,8631648256.00 ,8600342528.00 ,4294811648.00 ,2698711040.00 ,8871731200.00 ,2663260160.00 ,4296355840.00 ,8639389696.00 ,8711118848.00 ,6933266432.00 ,6896746496.00 ,2684993536.00 ,8505024512.00 ,2780397568.00 ,6825619456.00 ,4236259328.00 ,2686136320.00 ,4334637056.00 ,4501667840.00 ,8808538112.00 ,4778258432.00 ,8553332736.00 ,2717503488.00 ,6832558080.00 ,8523120640.00 ,6928711680.00 ,6864572416.00 ,,310709432320.00 ,,,,
15:22:30,10445373440.00 ,3303006208.00 ,10317000704.00 ,8002375680.00 ,9741783040.00 ,10303561728.00 ,10048774144.00 ,6916374528.00 ,8095891456.00 ,7999410176.00 ,6890479616.00 ,8200572928.00 ,2590101504.00 ,10089918464.00 ,10585292800.00 ,2743820288.00 ,2674028544.00 ,8104738816.00 ,6841274368.00 ,9599516672.00 ,8169979904.00 ,7978000384.00 ,9783779328.00 ,10090250240.00 ,9874440192.00 ,10335698944.00 ,7997833216.00 ,2694119424.00 ,10650398720.00 ,2658922496.00 ,8086843392.00 ,10578104320.00 ,10588794880.00 ,6921498624.00 ,9370959872.00 ,2682695680.00 ,10472902656.00 ,2774216704.00 ,9302466560.00 ,8024780800.00 ,2692349952.00 ,8023523328.00 ,8046559232.00 ,10320257024.00 ,8175644672.00 ,9954275328.00 ,2714628096.00 ,6854619136.00 ,9804390400.00 ,9350590464.00 ,6870712320.00 ,,395337531392.00 ,,,,
15:22:45,10429800448.00 ,3323133952.00 ,10309152768.00 ,8229900288.00 ,10000273408.00 ,10299920384.00 ,10370871296.00 ,6920568832.00 ,8294842368.00 ,8210653184.00 ,9532465152.00 ,8350666752.00 ,2588684288.00 ,10087583744.00 ,10590814208.00 ,2747236352.00 ,2676080640.00 ,8324546560.00 ,9519267840.00 ,9597276160.00 ,8289804288.00 ,8204771328.00 ,9783201792.00 ,10094866432.00 ,9875718144.00 ,10336141312.00 ,8242302976.00 ,2696237056.00 ,10787434496.00 ,2660851712.00 ,8293175296.00 ,10748162048.00 ,10843975680.00 ,9492570112.00 ,9365442560.00 ,2691870720.00 ,10653667328.00 ,2774687744.00 ,9311797248.00 ,8255168512.00 ,2693029888.00 ,8280252416.00 ,8292483072.00 ,10430791680.00 ,8296919040.00 ,9956188160.00 ,2716082176.00 ,6850293760.00 ,9793830912.00 ,9409540096.00 ,9449422848.00 ,,409974419456.00 ,,,,
15:23:00,10427084800.00 ,4166778880.00 ,10756763648.00 ,8505118720.00 ,10085158912.00 ,10828218368.00 ,10397474816.00 ,9739952128.00 ,9500114944.00 ,9800458240.00 ,9566711808.00 ,8621666304.00 ,2585202688.00 ,10118938624.00 ,10699636736.00 ,2745237504.00 ,2677497856.00 ,8570540032.00 ,9574367232.00 ,10493706240.00 ,8557871104.00 ,9343959040.00 ,10818891776.00 ,10143576064.00 ,10563035136.00 ,10381299712.00 ,10120912896.00 ,2698227712.00 ,10856177664.00 ,2663821312.00 ,9951309824.00 ,11159097344.00 ,10874908672.00 ,9546125312.00 ,9427828736.00 ,2683002880.00 ,10941386752.00 ,2772418560.00 ,9331769344.00 ,9805627392.00 ,2693021696.00 ,10305146880.00 ,10305191936.00 ,10506924032.00 ,10327314432.00 ,10848006144.00 ,2713886720.00 ,9636614144.00 ,10689511424.00 ,9486065664.00 ,9536610304.00 ,,439550169088.00 ,,,,
15:23:15,10451513344.00 ,4519915520.00 ,11861520384.00 ,11241058304.00 ,11592892416.00 ,11911843840.00 ,11636043776.00 ,11537182720.00 ,11290976256.00 ,11137888256.00 ,11041439744.00 ,11199766528.00 ,2587594752.00 ,11689480192.00 ,11800748032.00 ,2747305984.00 ,2674561024.00 ,11325222912.00 ,11069759488.00 ,12277903360.00 ,11288281088.00 ,11244548096.00 ,11999473664.00 ,11757805568.00 ,11823370240.00 ,11608129536.00 ,11264806912.00 ,2698342400.00 ,11743936512.00 ,2662809600.00 ,11247976448.00 ,11534036992.00 ,11281973248.00 ,11719499776.00 ,11063672832.00 ,2683412480.00 ,11558191104.00 ,2775744512.00 ,11518631936.00 ,11186417664.00 ,2691977216.00 ,11164868608.00 ,11171569664.00 ,11588288512.00 ,11610157056.00 ,12021321728.00 ,2715758592.00 ,11156033536.00 ,11849838592.00 ,11105763328.00 ,11049943040.00 ,,498381197312.00 ,,,,
15:23:30,10429800448.00 ,4931641344.00 ,12638154752.00 ,12776718336.00 ,12425150464.00 ,12710916096.00 ,12473446400.00 ,12739411968.00 ,12855152640.00 ,12835594240.00 ,12686487552.00 ,12757012480.00 ,2587295744.00 ,12461731840.00 ,12586459136.00 ,2743488512.00 ,2672611328.00 ,12870758400.00 ,12621660160.00 ,13054078976.00 ,12872679424.00 ,12900696064.00 ,12766068736.00 ,12524658688.00 ,12593500160.00 ,12456804352.00 ,12848218112.00 ,2698264576.00 ,12573941760.00 ,2664828928.00 ,12795002880.00 ,12690886656.00 ,12615888896.00 ,12826599424.00 ,12752769024.00 ,2679750656.00 ,12481454080.00 ,2775220224.00 ,12756729856.00 ,12783968256.00 ,2690207744.00 ,12854902784.00 ,12860223488.00 ,12443353088.00 ,12915937280.00 ,12799950848.00 ,2714443776.00 ,12604710912.00 ,12759998464.00 ,12675985408.00 ,12590178304.00 ,,547825393664.00 ,,,,
15:23:45,10423582720.00 ,5788082176.00 ,13086171136.00 ,13159292928.00 ,12840124416.00 ,12928114688.00 ,12689158144.00 ,13065003008.00 ,13246070784.00 ,13200769024.00 ,12989140992.00 ,13227114496.00 ,2587103232.00 ,12885905408.00 ,12835987456.00 ,2761965568.00 ,2675109888.00 ,13339168768.00 ,12989067264.00 ,13289164800.00 ,13343387648.00 ,13253926912.00 ,13177516032.00 ,12948099072.00 ,12996591616.00 ,12874199040.00 ,13252509696.00 ,2697805824.00 ,12774641664.00 ,2680365056.00 ,13201465344.00 ,13076041728.00 ,12998234112.00 ,13149753344.00 ,13189296128.00 ,2682560512.00 ,12897849344.00 ,2775490560.00 ,13072687104.00 ,13184057344.00 ,2689339392.00 ,13209645056.00 ,13151010816.00 ,12625166336.00 ,13197139968.00 ,13234307072.00 ,2716225536.00 ,13044940800.00 ,13158486016.00 ,13064495104.00 ,13010931712.00 ,,563334262784.00 ,,,,
15:24:00,10448637952.00 ,6413369344.00 ,13081866240.00 ,13251211264.00 ,12844642304.00 ,12940644352.00 ,12694745088.00 ,13178691584.00 ,13316747264.00 ,13210857472.00 ,13106311168.00 ,13241823232.00 ,2588561408.00 ,12901900288.00 ,12841967616.00 ,2747170816.00 ,2674503680.00 ,13350096896.00 ,13079392256.00 ,13296386048.00 ,13358612480.00 ,13261156352.00 ,13184323584.00 ,12952821760.00 ,13028347904.00 ,12887629824.00 ,13322010624.00 ,2702999552.00 ,13032476672.00 ,2668597248.00 ,13254778880.00 ,13085597696.00 ,13017591808.00 ,13162500096.00 ,13196460032.00 ,2686742528.00 ,12894990336.00 ,2771173376.00 ,13085913088.00 ,13252132864.00 ,2692063232.00 ,13220143104.00 ,13218844672.00 ,12889767936.00 ,13259386880.00 ,13237506048.00 ,2725126144.00 ,13059887104.00 ,13161975808.00 ,13192052736.00 ,13087813632.00 ,,565760950272.00 ,,,,
15:24:15,10439614464.00 ,6729101312.00 ,13087121408.00 ,13255757824.00 ,12847411200.00 ,13162504192.00 ,12923621376.00 ,13176463360.00 ,13316747264.00 ,13322706944.00 ,13111320576.00 ,13325344768.00 ,2588950528.00 ,12903645184.00 ,13050462208.00 ,2748174336.00 ,2682978304.00 ,13452898304.00 ,13080682496.00 ,13469585408.00 ,13474324480.00 ,13378170880.00 ,13188562944.00 ,12958105600.00 ,13008977920.00 ,12890390528.00 ,13431050240.00 ,2704048128.00 ,13033431040.00 ,2673516544.00 ,13254692864.00 ,13201387520.00 ,13020532736.00 ,13238546432.00 ,13196894208.00 ,2684375040.00 ,12898181120.00 ,2773123072.00 ,13164064768.00 ,13363617792.00 ,2699202560.00 ,13327351808.00 ,13322805248.00 ,12889145344.00 ,13252182016.00 ,13239214080.00 ,2717818880.00 ,13161082880.00 ,13359628288.00 ,13189693440.00 ,13092909056.00 ,,568462118912.00 ,,,,
15:24:30,10431897600.00 ,6820200448.00 ,13083820032.00 ,13324267520.00 ,13035614208.00 ,13163442176.00 ,12925403136.00 ,13298221056.00 ,13418598400.00 ,13323943936.00 ,13233934336.00 ,13374517248.00 ,2603053056.00 ,12904652800.00 ,13056356352.00 ,2739793920.00 ,2680340480.00 ,13455245312.00 ,13198458880.00 ,13473148928.00 ,13472276480.00 ,13383888896.00 ,13363167232.00 ,12947148800.00 ,13179039744.00 ,13086650368.00 ,13434933248.00 ,2706149376.00 ,13028896768.00 ,2670682112.00 ,13358100480.00 ,13204369408.00 ,13207040000.00 ,13239271424.00 ,13315407872.00 ,2677850112.00 ,13104672768.00 ,2774626304.00 ,13167890432.00 ,13368426496.00 ,2692304896.00 ,13330743296.00 ,13323419648.00 ,12894052352.00 ,13365571584.00 ,13235707904.00 ,2714300416.00 ,13164519424.00 ,13362929664.00 ,13318668288.00 ,13092085760.00 ,,570729701376.00 ,,,,
15:24:45,9917968384.00 ,2842427392.00 ,2682892288.00 ,2665947136.00 ,2738671616.00 ,2681221120.00 ,2712535040.00 ,2796945408.00 ,2712698880.00 ,2690928640.00 ,2704027648.00 ,2724683776.00 ,2586980352.00 ,2688839680.00 ,2669953024.00 ,2743820288.00 ,2678464512.00 ,2766966784.00 ,2665365504.00 ,2727665664.00 ,2744500224.00 ,2693799936.00 ,2711474176.00 ,2735583232.00 ,2775638016.00 ,2740764672.00 ,2729938944.00 ,2702192640.00 ,2726240256.00 ,2670481408.00 ,2692268032.00 ,2720137216.00 ,2745815040.00 ,2763759616.00 ,2708639744.00 ,2682327040.00 ,2644992000.00 ,2770808832.00 ,2657206272.00 ,2678636544.00 ,2702028800.00 ,2691190784.00 ,2705858560.00 ,2666184704.00 ,2683695104.00 ,2745634816.00 ,2710716416.00 ,2720096256.00 ,2731732992.00 ,2769362944.00 ,2744004608.00 ,,145564712960.00 ,,,,
,,,,,,,,,,,,,,,,,,,,,,,,,,,,,,,,,,,,,,,,,,,,,,,,,,,,,,,,,
,10459467776.00 ,6820200448.00 ,13087121408.00 ,13324267520.00 ,13035614208.00 ,13163442176.00 ,12925403136.00 ,13298221056.00 ,13418598400.00 ,13323943936.00 ,13233934336.00 ,13374517248.00 ,2603053056.00 ,12904652800.00 ,13056356352.00 ,2761965568.00 ,2682978304.00 ,13455245312.00 ,13198458880.00 ,13473148928.00 ,13474324480.00 ,13383888896.00 ,13363167232.00 ,12958105600.00 ,13179039744.00 ,13086650368.00 ,13434933248.00 ,2706149376.00 ,13033431040.00 ,2680365056.00 ,13358100480.00 ,13204369408.00 ,13207040000.00 ,13239271424.00 ,13315407872.00 ,2691870720.00 ,13104672768.00 ,2780397568.00 ,13167890432.00 ,13368426496.00 ,2702028800.00 ,13330743296.00 ,13323419648.00 ,12894052352.00 ,13365571584.00 ,13239214080.00 ,2725126144.00 ,13164519424.00 ,13362929664.00 ,13318668288.00 ,13092909056.00 ,,570857275392.00 ,,570857275392.00 ,558104387584.00 ,1128961662976.00 
,,,,,,,,,,,,,,,,,,,,,,,,,,,,,,,,,,,,,,,,,,,,,,,,,,,,,,,145598857216.00 ,138354208768.00 ,283953065984.00 
15:25:00,9902239744.00 ,2841169920.00 ,2694082560.00 ,2666569728.00 ,2740428800.00 ,2683035648.00 ,2709729280.00 ,2796822528.00 ,2712190976.00 ,2691911680.00 ,2698080256.00 ,2723344384.00 ,2581135360.00 ,2686525440.00 ,2673291264.00 ,2745335808.00 ,2676801536.00 ,2765332480.00 ,2663911424.00 ,2724384768.00 ,2742435840.00 ,2689851392.00 ,2714238976.00 ,2739146752.00 ,2787274752.00 ,2739417088.00 ,2730807296.00 ,2704297984.00 ,2724343808.00 ,2671206400.00 ,2694574080.00 ,2722902016.00 ,2743463936.00 ,2751729664.00 ,2714152960.00 ,2682912768.00 ,2644606976.00 ,2783064064.00 ,2656780288.00 ,2679820288.00 ,2700369920.00 ,2691678208.00 ,2703032320.00 ,2670616576.00 ,2698018816.00 ,2746056704.00 ,2710691840.00 ,2718879744.00 ,2729676800.00 ,2767122432.00 ,2742091776.00 ,,145571586048.00 ,,,,
15:25:15,9904742400.00 ,2856353792.00 ,2684469248.00 ,2667364352.00 ,2738778112.00 ,2681298944.00 ,2710462464.00 ,2795196416.00 ,2725158912.00 ,2688958464.00 ,2698842112.00 ,2724536320.00 ,2584104960.00 ,2688954368.00 ,2672103424.00 ,2746327040.00 ,2677628928.00 ,2766745600.00 ,2662248448.00 ,2723164160.00 ,2743332864.00 ,2692108288.00 ,2712293376.00 ,2738434048.00 ,2778304512.00 ,2737684480.00 ,2730364928.00 ,2705117184.00 ,2732679168.00 ,2671374336.00 ,2692808704.00 ,2721431552.00 ,2742804480.00 ,2750038016.00 ,2713919488.00 ,2685571072.00 ,2644086784.00 ,2771529728.00 ,2659753984.00 ,2680004608.00 ,2701066240.00 ,2690170880.00 ,2706976768.00 ,2665664512.00 ,2681208832.00 ,2746343424.00 ,2710097920.00 ,2719768576.00 ,2731061248.00 ,2768416768.00 ,2742800384.00 ,,145564655616.00 ,,,,
15:25:30,9928134656.00 ,2861662208.00 ,2678771712.00 ,2665943040.00 ,2737418240.00 ,2678484992.00 ,2707673088.00 ,2791292928.00 ,2715574272.00 ,2686799872.00 ,2692378624.00 ,2733813760.00 ,2583695360.00 ,2689404928.00 ,2674909184.00 ,2750152704.00 ,2675249152.00 ,2766446592.00 ,2663878656.00 ,2723594240.00 ,2743021568.00 ,2693337088.00 ,2712240128.00 ,2735464448.00 ,2784083968.00 ,2737872896.00 ,2727350272.00 ,2710327296.00 ,2726449152.00 ,2667118592.00 ,2692489216.00 ,2719412224.00 ,2742894592.00 ,2748420096.00 ,2716831744.00 ,2688077824.00 ,2642964480.00 ,2774429696.00 ,2657763328.00 ,2676240384.00 ,2698428416.00 ,2690969600.00 ,2704175104.00 ,2670202880.00 ,2682621952.00 ,2748493824.00 ,2709127168.00 ,2740850688.00 ,2731098112.00 ,2766270464.00 ,2754551808.00 ,,145598857216.00 ,,,,
15:25:45,9900064768.00 ,2849918976.00 ,2686771200.00 ,2667335680.00 ,2738171904.00 ,2682851328.00 ,2708725760.00 ,2794676224.00 ,2722455552.00 ,2690281472.00 ,2697674752.00 ,2725412864.00 ,2583220224.00 ,2698592256.00 ,2675081216.00 ,2753343488.00 ,2676219904.00 ,2768596992.00 ,2664284160.00 ,2725552128.00 ,2747019264.00 ,2692247552.00 ,2710290432.00 ,2737475584.00 ,2779197440.00 ,2739699712.00 ,2732097536.00 ,2712616960.00 ,2727665664.00 ,2671472640.00 ,2702532608.00 ,2734268416.00 ,2742722560.00 ,2752221184.00 ,2716504064.00 ,2686205952.00 ,2643738624.00 ,2776543232.00 ,2659688448.00 ,2678124544.00 ,2699255808.00 ,2692116480.00 ,2706952192.00 ,2665873408.00 ,2682200064.00 ,2748907520.00 ,2714578944.00 ,2726445056.00 ,2731495424.00 ,2766450688.00 ,2742964224.00 ,,145628803072.00 ,,,,
15:26:00,9890488320.00 ,2852110336.00 ,2686316544.00 ,2668814336.00 ,2737610752.00 ,2684428288.00 ,2709348352.00 ,2794127360.00 ,2717872128.00 ,2690285568.00 ,2699481088.00 ,2725838848.00 ,2581676032.00 ,2698145792.00 ,2676224000.00 ,2752466944.00 ,2684047360.00 ,2763284480.00 ,2663043072.00 ,2732269568.00 ,2747760640.00 ,2686730240.00 ,2710667264.00 ,2738257920.00 ,2786750464.00 ,2739347456.00 ,2730409984.00 ,2712989696.00 ,2725486592.00 ,2670084096.00 ,2695299072.00 ,2722476032.00 ,2742575104.00 ,2751488000.00 ,2723774464.00 ,2685169664.00 ,2642649088.00 ,2772807680.00 ,2658516992.00 ,2678939648.00 ,2699403264.00 ,2691334144.00 ,2706112512.00 ,2683604992.00 ,2689867776.00 ,2746720256.00 ,2718806016.00 ,2722254848.00 ,2731081728.00 ,2767212544.00 ,2740936704.00 ,,145627394048.00 ,,,,
15:26:15,9899839488.00 ,2842423296.00 ,2686459904.00 ,2669617152.00 ,2744221696.00 ,2684727296.00 ,2709831680.00 ,2795220992.00 ,2719956992.00 ,2689167360.00 ,2700234752.00 ,2726092800.00 ,2589753344.00 ,2703929344.00 ,2677178368.00 ,2754785280.00 ,2684874752.00 ,2776428544.00 ,2672336896.00 ,2725715968.00 ,2743951360.00 ,2689560576.00 ,2721042432.00 ,2738130944.00 ,2780246016.00 ,2745606144.00 ,2732888064.00 ,2714996736.00 ,2734055424.00 ,2672660480.00 ,2696486912.00 ,2722500608.00 ,2761605120.00 ,2752274432.00 ,2712637440.00 ,2691190784.00 ,2645028864.00 ,2777092096.00 ,2661027840.00 ,2683703296.00 ,2701565952.00 ,2692870144.00 ,2708275200.00 ,2673868800.00 ,2681954304.00 ,2748157952.00 ,2716925952.00 ,2727981056.00 ,2734288896.00 ,2766655488.00 ,2743934976.00 ,,145725960192.00 ,,,,
15:26:30,9905160192.00 ,2849529856.00 ,2680553472.00 ,2666496000.00 ,2732949504.00 ,2679803904.00 ,2707951616.00 ,2791964672.00 ,2719657984.00 ,2689470464.00 ,2698018816.00 ,2721361920.00 ,2597003264.00 ,2702397440.00 ,2674278400.00 ,2767454208.00 ,2698420224.00 ,2766512128.00 ,2668130304.00 ,2724900864.00 ,2744008704.00 ,2692182016.00 ,2712387584.00 ,2737065984.00 ,2788687872.00 ,2737000448.00 ,2727575552.00 ,2711404544.00 ,2733576192.00 ,2670116864.00 ,2692571136.00 ,2721837056.00 ,2745438208.00 ,2749579264.00 ,2713907200.00 ,2688737280.00 ,2647625728.00 ,2776117248.00 ,2660966400.00 ,2677956608.00 ,2700328960.00 ,2689871872.00 ,2707185664.00 ,2681430016.00 ,2687361024.00 ,2745176064.00 ,2714644480.00 ,2727776256.00 ,2729787392.00 ,2764640256.00 ,2740817920.00 ,,145659777024.00 ,,,,
15:26:45,10428243968.00 ,2855940096.00 ,3012497408.00 ,2995552256.00 ,2737930240.00 ,2683490304.00 ,2711433216.00 ,2801655808.00 ,2720460800.00 ,2698637312.00 ,2699407360.00 ,2728849408.00 ,2594996224.00 ,2704171008.00 ,2676797440.00 ,3086483456.00 ,3020775424.00 ,2766221312.00 ,2685620224.00 ,2725990400.00 ,2744819712.00 ,2691944448.00 ,3038867456.00 ,2737434624.00 ,2795716608.00 ,2741104640.00 ,2731462656.00 ,2975674368.00 ,2733383680.00 ,2671042560.00 ,2697142272.00 ,3051753472.00 ,2880528384.00 ,2752700416.00 ,2711834624.00 ,2690105344.00 ,2643832832.00 ,2776432640.00 ,2661593088.00 ,2677317632.00 ,2701357056.00 ,2692108288.00 ,2708537344.00 ,2673852416.00 ,2682945536.00 ,2750517248.00 ,2716893184.00 ,2727399424.00 ,2730569728.00 ,2766356480.00 ,2743836672.00 ,,148634218496.00 ,,,,
15:27:00,10430128128.00 ,2848542720.00 ,3045699584.00 ,3213041664.00 ,2739212288.00 ,2689458176.00 ,2711805952.00 ,2802061312.00 ,2723368960.00 ,2690576384.00 ,2700722176.00 ,2728816640.00 ,2594918400.00 ,2701692928.00 ,2678276096.00 ,3326550016.00 ,3264757760.00 ,2766016512.00 ,2673364992.00 ,2728456192.00 ,2744655872.00 ,2690670592.00 ,3279495168.00 ,2753449984.00 ,2792435712.00 ,2739392512.00 ,2732830720.00 ,2982711296.00 ,2733441024.00 ,2678448128.00 ,2696536064.00 ,3295809536.00 ,3242221568.00 ,2754732032.00 ,2714554368.00 ,2691457024.00 ,2645331968.00 ,2773737472.00 ,2673647616.00 ,2679136256.00 ,2710233088.00 ,2693709824.00 ,2708226048.00 ,2684723200.00 ,2689081344.00 ,2750574592.00 ,2718502912.00 ,2725683200.00 ,2732474368.00 ,2767085568.00 ,2743705600.00 ,,150276161536.00 ,,,,
15:27:15,10456875008.00 ,2865020928.00 ,3047776256.00 ,3478224896.00 ,2744438784.00 ,2690093056.00 ,2712227840.00 ,2804465664.00 ,2723196928.00 ,2691252224.00 ,2703093760.00 ,2727821312.00 ,2603909120.00 ,2702712832.00 ,2677428224.00 ,3585634304.00 ,3506802688.00 ,2767118336.00 ,2671620096.00 ,2726629376.00 ,2746277888.00 ,2691977216.00 ,3513098240.00 ,2739888128.00 ,2782613504.00 ,2741755904.00 ,2736431104.00 ,2982588416.00 ,2735042560.00 ,2678075392.00 ,2696273920.00 ,3520086016.00 ,3510693888.00 ,2755796992.00 ,2716356608.00 ,2691387392.00 ,2645188608.00 ,2775773184.00 ,2662309888.00 ,2680877056.00 ,2704052224.00 ,2692931584.00 ,2708631552.00 ,2675871744.00 ,2685509632.00 ,2751696896.00 ,2717949952.00 ,2730151936.00 ,2732859392.00 ,2769715200.00 ,2746351616.00 ,,151804555264.00 ,,,,
15:27:30,10437300224.00 ,2847723520.00 ,3138867200.00 ,7919783936.00 ,2742841344.00 ,2688557056.00 ,2722254848.00 ,2801057792.00 ,2723500032.00 ,2689982464.00 ,2702282752.00 ,2725580800.00 ,2606632960.00 ,2705485824.00 ,2683445248.00 ,8304730112.00 ,8201523200.00 ,2766254080.00 ,2669539328.00 ,2724048896.00 ,2746900480.00 ,2696204288.00 ,8251891712.00 ,2742636544.00 ,2785394688.00 ,2740256768.00 ,2735259648.00 ,2980581376.00 ,2734477312.00 ,2675875840.00 ,2693550080.00 ,8229416960.00 ,7777861632.00 ,2768293888.00 ,2714017792.00 ,2688729088.00 ,2649157632.00 ,2777440256.00 ,2661367808.00 ,2679705600.00 ,2699542528.00 ,2691244032.00 ,2708963328.00 ,2680852480.00 ,2687746048.00 ,2751795200.00 ,2717646848.00 ,2729553920.00 ,2738077696.00 ,2765713408.00 ,2744016896.00 ,,179445563392.00 ,,,,
15:27:45,10452393984.00 ,2848894976.00 ,3144884224.00 ,9639161856.00 ,2745540608.00 ,2690437120.00 ,2710196224.00 ,2817196032.00 ,2724880384.00 ,2691469312.00 ,2702729216.00 ,2727030784.00 ,2608226304.00 ,2705260544.00 ,2681094144.00 ,9910767616.00 ,9678700544.00 ,2768203776.00 ,2673168384.00 ,2727305216.00 ,2746888192.00 ,2696626176.00 ,9843535872.00 ,2746478592.00 ,2781470720.00 ,2744336384.00 ,2736906240.00 ,2981003264.00 ,2734895104.00 ,2682425344.00 ,2694725632.00 ,9698738176.00 ,9550553088.00 ,2757173248.00 ,2715889664.00 ,2691727360.00 ,2651500544.00 ,2782388224.00 ,2662977536.00 ,2680516608.00 ,2701979648.00 ,2703204352.00 ,2707345408.00 ,2676404224.00 ,2682912768.00 ,2751873024.00 ,2718490624.00 ,2732425216.00 ,2731536384.00 ,2768293888.00 ,2744401920.00 ,,189147164672.00 ,,,,
15:28:00,10458263552.00 ,2838097920.00 ,3140980736.00 ,11390574592.00 ,2744762368.00 ,2689638400.00 ,2711048192.00 ,2803003392.00 ,2733809664.00 ,2691239936.00 ,2697306112.00 ,2729496576.00 ,2599567360.00 ,2703953920.00 ,2682011648.00 ,11709059072.00 ,11419090944.00 ,2768515072.00 ,2674315264.00 ,2728730624.00 ,2751434752.00 ,2702491648.00 ,11625623552.00 ,2748256256.00 ,2790068224.00 ,2744041472.00 ,2737307648.00 ,2976305152.00 ,2743820288.00 ,2688167936.00 ,2696818688.00 ,11427905536.00 ,11230769152.00 ,2758430720.00 ,2717372416.00 ,2698215424.00 ,2646540288.00 ,2776215552.00 ,2661920768.00 ,2676002816.00 ,2701889536.00 ,2693758976.00 ,2710159360.00 ,2684932096.00 ,2691641344.00 ,2749329408.00 ,2726219776.00 ,2726313984.00 ,2733178880.00 ,2768351232.00 ,2751959040.00 ,,199648907264.00 ,,,,
15:28:15,10474573824.00 ,2848022528.00 ,3146076160.00 ,13467959296.00 ,2746200064.00 ,2691284992.00 ,2710605824.00 ,2807611392.00 ,2722955264.00 ,2692493312.00 ,2698391552.00 ,2735947776.00 ,2598596608.00 ,2704986112.00 ,2684112896.00 ,13534347264.00 ,13473673216.00 ,2771042304.00 ,2675339264.00 ,2728095744.00 ,2750558208.00 ,2696245248.00 ,13458706432.00 ,2749534208.00 ,2781851648.00 ,2746036224.00 ,2738049024.00 ,2975809536.00 ,2735964160.00 ,2686365696.00 ,2697748480.00 ,13472534528.00 ,13213937664.00 ,2753904640.00 ,2716143616.00 ,2714116096.00 ,2643386368.00 ,2776973312.00 ,2665316352.00 ,2675347456.00 ,2709381120.00 ,2694995968.00 ,2712489984.00 ,2675810304.00 ,2685661184.00 ,2754002944.00 ,2725617664.00 ,2737922048.00 ,2733654016.00 ,2769993728.00 ,2753495040.00 ,,211513868288.00 ,,,,
15:28:30,10436943872.00 ,2840182784.00 ,3163594752.00 ,15536861184.00 ,2741534720.00 ,2686328832.00 ,2701107200.00 ,2800721920.00 ,2718523392.00 ,2686992384.00 ,2693844992.00 ,2717491200.00 ,2602299392.00 ,2717032448.00 ,2674405376.00 ,15599165440.00 ,15550300160.00 ,2762956800.00 ,2663817216.00 ,2720030720.00 ,2739159040.00 ,2696933376.00 ,15508504576.00 ,2742284288.00 ,2782482432.00 ,2737631232.00 ,2728873984.00 ,2973667328.00 ,2729787392.00 ,2679750656.00 ,2696790016.00 ,15541678080.00 ,15284965376.00 ,2753142784.00 ,2708168704.00 ,2691391488.00 ,2641858560.00 ,2782879744.00 ,2662031360.00 ,2675515392.00 ,2703433728.00 ,2684850176.00 ,2702049280.00 ,2677166080.00 ,2687463424.00 ,2748796928.00 ,2719059968.00 ,2731511808.00 ,2724859904.00 ,2769465344.00 ,2746245120.00 ,,223666532352.00 ,,,,
15:28:45,10446110720.00 ,2850263040.00 ,3174641664.00 ,17795112960.00 ,2737352704.00 ,2684489728.00 ,2713907200.00 ,2797436928.00 ,2720649216.00 ,2686525440.00 ,2697035776.00 ,2721996800.00 ,2600230912.00 ,2704093184.00 ,2677968896.00 ,17671925760.00 ,9306296320.00 ,2765107200.00 ,2665521152.00 ,2732691456.00 ,2750767104.00 ,2699190272.00 ,17580023808.00 ,2746818560.00 ,2778267648.00 ,2737942528.00 ,2730819584.00 ,2974027776.00 ,2731106304.00 ,2679226368.00 ,2690502656.00 ,17607573504.00 ,17348562944.00 ,2750275584.00 ,2721079296.00 ,2692829184.00 ,2645192704.00 ,2784411648.00 ,2657677312.00 ,2674069504.00 ,2705178624.00 ,2685931520.00 ,2702401536.00 ,2669178880.00 ,2690891776.00 ,2746576896.00 ,2721079296.00 ,2734362624.00 ,2730692608.00 ,2776756224.00 ,2748715008.00 ,,228041486336.00 ,,,,
15:29:00,10453716992.00 ,2838200320.00 ,3176472576.00 ,2679500800.00 ,2740875264.00 ,2684067840.00 ,2713808896.00 ,2798071808.00 ,2715942912.00 ,2685239296.00 ,2695577600.00 ,2720231424.00 ,2596917248.00 ,2699096064.00 ,2676658176.00 ,17670963200.00 ,2675286016.00 ,2776932352.00 ,2666815488.00 ,2722152448.00 ,2742628352.00 ,2696536064.00 ,17590890496.00 ,2755313664.00 ,2788356096.00 ,2739707904.00 ,2730315776.00 ,2975346688.00 ,2728620032.00 ,2680967168.00 ,2692329472.00 ,17608151040.00 ,2730893312.00 ,2750947328.00 ,2710315008.00 ,2691842048.00 ,2645606400.00 ,2782748672.00 ,2656661504.00 ,2679177216.00 ,2703204352.00 ,2687934464.00 ,2701824000.00 ,2679201792.00 ,2693341184.00 ,2745856000.00 ,2721894400.00 ,2730958848.00 ,2726809600.00 ,2767781888.00 ,2748751872.00 ,,191671439360.00 ,,,,
15:29:15,10282569728.00 ,2841784320.00 ,3177992192.00 ,2677428224.00 ,2740531200.00 ,2682576896.00 ,2714296320.00 ,2797617152.00 ,2721562624.00 ,2686464000.00 ,2696376320.00 ,2721079296.00 ,2598555648.00 ,2705711104.00 ,2678067200.00 ,17681088512.00 ,2686746624.00 ,2766299136.00 ,2667888640.00 ,2723053568.00 ,2743238656.00 ,2692755456.00 ,17578053632.00 ,2743136256.00 ,2779410432.00 ,2738806784.00 ,2743496704.00 ,2975178752.00 ,2729259008.00 ,2679484416.00 ,2692825088.00 ,17606356992.00 ,2729332736.00 ,2749800448.00 ,2711269376.00 ,2692280320.00 ,2643046400.00 ,2779086848.00 ,2656522240.00 ,2679328768.00 ,2704678912.00 ,2688155648.00 ,2715361280.00 ,2669092864.00 ,2685480960.00 ,2761736192.00 ,2722369536.00 ,2730536960.00 ,2724958208.00 ,2769936384.00 ,2748567552.00 ,,191511232512.00 ,,,,
15:29:30,9915805696.00 ,2839363584.00 ,2667556864.00 ,2676027392.00 ,2738294784.00 ,2680610816.00 ,2711949312.00 ,2794475520.00 ,2721681408.00 ,2692268032.00 ,2693885952.00 ,2719330304.00 ,2597511168.00 ,2703036416.00 ,2672254976.00 ,2748231680.00 ,2676338688.00 ,2765598720.00 ,2676654080.00 ,2719735808.00 ,2739892224.00 ,2692173824.00 ,2690859008.00 ,2738937856.00 ,2800316416.00 ,2736209920.00 ,2727096320.00 ,2706886656.00 ,2726576128.00 ,2679459840.00 ,2690715648.00 ,2696536064.00 ,2735026176.00 ,2747117568.00 ,2709229568.00 ,2691260416.00 ,2641911808.00 ,2778677248.00 ,2656636928.00 ,2686889984.00 ,2701262848.00 ,2683490304.00 ,2697756672.00 ,2674671616.00 ,2691346432.00 ,2748747776.00 ,2721165312.00 ,2729795584.00 ,2723848192.00 ,2764738560.00 ,2746650624.00 ,,145566494720.00 ,,,,
15:29:45,9980792832.00 ,2854993920.00 ,2668367872.00 ,2676346880.00 ,2741223424.00 ,2685300736.00 ,2712834048.00 ,2797629440.00 ,2718846976.00 ,2687102976.00 ,2695057408.00 ,2720473088.00 ,2597945344.00 ,2702585856.00 ,2678784000.00 ,2751258624.00 ,2674298880.00 ,2765254656.00 ,2670465024.00 ,2720452608.00 ,2740150272.00 ,2692694016.00 ,2700910592.00 ,2750660608.00 ,2778341376.00 ,2738716672.00 ,2728083456.00 ,2707075072.00 ,2727829504.00 ,2678366208.00 ,2694041600.00 ,2701455360.00 ,2727428096.00 ,2749845504.00 ,2709544960.00 ,2692960256.00 ,2645245952.00 ,2779525120.00 ,2657202176.00 ,2677571584.00 ,2707787776.00 ,2685300736.00 ,2698801152.00 ,2667843584.00 ,2685485056.00 ,2746032128.00 ,2720530432.00 ,2729443328.00 ,2724016128.00 ,2764374016.00 ,2747076608.00 ,,145654353920.00 ,,,,
15:30:00,9922088960.00 ,2849353728.00 ,2668621824.00 ,2677592064.00 ,2741370880.00 ,2692755456.00 ,2712268800.00 ,2796617728.00 ,2716143616.00 ,2686349312.00 ,2697080832.00 ,2721923072.00 ,2597801984.00 ,2699427840.00 ,2675204096.00 ,2747842560.00 ,2673807360.00 ,2761957376.00 ,2669293568.00 ,2721435648.00 ,2741956608.00 ,2689634304.00 ,2699653120.00 ,2741600256.00 ,2784669696.00 ,2738769920.00 ,2729275392.00 ,2706501632.00 ,2728214528.00 ,2677772288.00 ,2692534272.00 ,2699968512.00 ,2726936576.00 ,2750902272.00 ,2710106112.00 ,2693373952.00 ,2643492864.00 ,2774028288.00 ,2656874496.00 ,2676678656.00 ,2701524992.00 ,2686058496.00 ,2699886592.00 ,2679717888.00 ,2688811008.00 ,2746224640.00 ,2723643392.00 ,2726998016.00 ,2726047744.00 ,2763448320.00 ,2746376192.00 ,,145580617728.00 ,,,,
,,,,,,,,,,,,,,,,,,,,,,,,,,,,,,,,,,,,,,,,,,,,,,,,,,,,,0.00 ,,,,
