Time,emr-header-1/used,emr-worker-1/used,emr-worker-10/used,emr-worker-11/used,emr-worker-12/used,emr-worker-13/used,emr-worker-14/used,emr-worker-15/used,emr-worker-16/used,emr-worker-17/used,emr-worker-18/used,emr-worker-19/used,emr-worker-2/used,emr-worker-20/used,emr-worker-21/used,emr-worker-22/used,emr-worker-23/used,emr-worker-24/used,emr-worker-25/used,emr-worker-26/used,emr-worker-27/used,emr-worker-28/used,emr-worker-29/used,emr-worker-3/used,emr-worker-30/used,emr-worker-31/used,emr-worker-32/used,emr-worker-33/used,emr-worker-34/used,emr-worker-35/used,emr-worker-36/used,emr-worker-37/used,emr-worker-38/used,emr-worker-39/used,emr-worker-4/used,emr-worker-40/used,emr-worker-41/used,emr-worker-42/used,emr-worker-43/used,emr-worker-44/used,emr-worker-45/used,emr-worker-46/used,emr-worker-47/used,emr-worker-48/used,emr-worker-49/used,emr-worker-5/used,emr-worker-50/used,emr-worker-51/used,emr-worker-52/used,emr-worker-53/used,emr-worker-54/used,emr-worker-55/used,emr-worker-56/used,emr-worker-57/used,emr-worker-58/used,emr-worker-59/used,emr-worker-6/used,emr-worker-60/used,emr-worker-61/used,emr-worker-62/used,emr-worker-63/used,emr-worker-64/used,emr-worker-65/used,emr-worker-66/used,emr-worker-67/used,emr-worker-68/used,emr-worker-69/used,emr-worker-7/used,emr-worker-70/used,emr-worker-71/used,emr-worker-72/used,emr-worker-73/used,emr-worker-74/used,emr-worker-75/used,emr-worker-8/used,emr-worker-9/used,,,,,,
22:00:00,10279190528,14670991360,19841970176,19735756800,19382439936,14050967552,19674853376,19904049152,19529838592,19365093376,13968793600,19734319104,19580051456,19348144128,19806539776,14097063936,19724144640,19871137792,14028357632,13816762368,19196633088,13853745152,19570728960,19577098240,19820150784,14258106368,14074388480,19573780480,19608317952,13910294528,19403038720,19454279680,19628183552,19539603456,14021615616,19519389696,14126182400,14363987968,13829431296,19940790272,13787262976,13661417472,19532017664,19461009408,13881757696,19667959808,19683360768,19510280192,19519766528,14090706944,19608178688,19811246080,13995053056,14144503808,19645812736,14246506496,20212666368,19235295232,19795828736,19621187584,19831717888,19694358528,19943804928,13913358336,19798573056,19710590976,19938566144,19364040704,19558973440,20008439808,13793284096,19596967936,19459104768,20272431104,19711799296,20071251968,,1.36E+12,,,,
22:00:15,10204577792,16343502848,22337421312,22612774912,21648502784,15734734848,22139760640,22319017984,22501789696,21757509632,15473373184,22114377728,22097399808,21680148480,22351683584,15514042368,21481500672,22549934080,15625932800,15254216704,22100389888,15530446848,21653463040,22199848960,22300119040,15929876480,15230521344,21581705216,21931995136,15694991360,22006304768,21950410752,21964406784,22267121664,15535972352,21766012928,15795781632,16076554240,15492632576,22000533504,15270637568,15140003840,21849309184,21538336768,15484264448,22337142784,21831524352,22019973120,22130421760,15848665088,22235856896,22648434688,15627935744,15857274880,22356672512,16013860864,22949793792,21873373184,21733437440,22344790016,22450601984,22112444416,21739114496,15535362048,21898121216,22160777216,22208065536,21920305152,22155898880,22678851584,15563882496,22229348352,21945024512,23338967040,22061494272,22651645952,,1.52E+12,,,,
22:00:30,10226704384,18219978752,25407062016,25881636864,24311726080,17799348224,25437057024,25713115136,25765720064,24645578752,17253400576,25027944448,25454592000,24693747712,25742741504,17667928064,24730279936,25760808960,17581686784,16998969344,25159028736,17471008768,24906792960,24972734464,25631633408,18180952064,17067982848,25070108672,25170247680,17565425664,24995729408,25045753856,24917753856,25365897216,17486712832,24581926912,17832013824,18106753024,17331191808,25648242688,17317384192,17300918272,24955465728,24480247808,17456087040,25271791616,25013264384,24984264704,25130389504,17946849280,25197707264,25508536320,17394700288,17900847104,25448493056,18185588736,26472509440,24962936832,25002954752,25487519744,25610788864,25354625024,25265307648,17488719872,25443729408,25219952640,25365057536,25026646016,25536335872,25699987456,17403658240,25287835648,24940187648,26537717760,25225912320,25843183616,,1.73E+12,,,,
22:00:45,10226520064,20645838848,29605695488,29717594112,28142657536,20045365248,29063864320,29900910592,30165364736,28092067840,19982790656,28584554496,29027737600,28588572672,29877182464,20088758272,28702126080,29951729664,19930693632,19560484864,28974489600,19998953472,28565069824,28609822720,29390385152,20973936640,19691622400,28542664704,29123977216,19862921216,28983107584,28589514752,28471189504,28990226432,19766403072,28793921536,20743102464,20830199808,19820425216,29907816448,19585437696,19576107008,28398919680,28129439744,20265140224,29027201024,28595482624,29129641984,28755070976,20576833536,29113413632,29173596160,20129062912,20590673920,29067780096,20729323520,30573604864,28646580224,28876660736,29673697280,29721698304,29356130304,29489926144,19816509440,29115834368,28977291264,29063335936,28474871808,29515997184,29593497600,19708710912,28842487808,28733665280,30358278144,29339623424,29659267072,,1.99E+12,,,,
22:01:00,10217017344,23398055936,33524867072,34017316864,32786841600,22773026816,32882827264,34007158784,34973773824,32256847872,22973898752,32350265344,34002370560,33031962624,34249244672,22873198592,33208377344,34657456128,22387523584,22281158656,34373681152,22766182400,32659316736,33428811776,33717362688,23581204480,22423949312,32813223936,33030115328,22475575296,33850273792,32855719936,32423342080,33013317632,22335987712,33010737152,23295606784,23566893056,23044435968,34410385408,22586712064,22104039424,32109719552,32244219904,23724265472,33140416512,32781606912,34136649728,32621715456,22933282816,33183731712,33185456128,22618931200,23204884480,33081843712,23576997888,35212627968,32226746368,33384726528,34633621504,33677082624,33169498112,33821175808,22270791680,33230540800,32967553024,33287602176,32961794048,34272215040,33871470592,22016819200,32698515456,33205374976,35905384448,33344610304,33817239552,,2.27E+12,,,,
22:01:15,10204639232,26244210688,39438487552,39697313792,37568106496,25569234944,38798999552,39877996544,40246333440,36479221760,25875472384,38037700608,39073447936,37441978368,40215572480,25703706624,37561982976,40137924608,26285780992,25258151936,38845730816,26006994944,37156114432,38798610432,38742319104,27256340480,24954937344,36814295040,37839093760,25184997376,38736310272,37793947648,37322850304,38192177152,25548685312,37855240192,27036508160,27507884032,26603106304,38743289856,25454706688,24929902592,36394491904,36522393600,27151441920,38041497600,37969022976,39392227328,38090686464,26671251456,38638219264,38946717696,25899986944,26786787328,38074724352,26874617856,40498626560,37533114368,37504643072,39986954240,39709032448,38122913792,38077640704,25820856320,37215653888,38285336576,38142410752,37269831680,39257755648,39371730944,25415794688,38331609088,37029027840,41523949568,38898089984,39095185408,,2.61E+12,,,,
22:01:30,10220417024,29057183744,41997074432,42790920192,40974299136,26911764480,41330384896,43842220032,42063503360,39481491456,28221706240,39935369216,42102906880,40186359808,42905616384,27779338240,40391696384,42730659840,27620134912,27403849728,42342178816,27519774720,40171479040,42377625600,42234224640,29694730240,27163328512,40150982656,40807383040,27321999360,42838847488,40244273152,40568078336,40313663488,27040493568,41391771648,29399736320,28949868544,28940427264,42365411328,27749007360,27168976896,39892869120,39798239232,29479911424,40980557824,41608712192,41590358016,40449232896,27936247808,41068888064,41371582464,27387875328,29205270528,40606760960,29131915264,43364057088,40008761344,41036853248,42071273472,42857115648,40117510144,42161897472,27022630912,40570810368,40879345664,41176895488,40791318528,42358673408,42665783296,26743656448,40151498752,40452149248,43009568768,41875963904,41883967488,,2.81E+12,,,,
22:01:45,10226089984,29078155264,41994715136,42797547520,40970194944,26913071104,41331781632,43828985856,42064863232,39484022784,28219916288,39934918656,42105638912,40191070208,42904428544,27765489664,40389566464,42729398272,27618226176,27399954432,42339704832,27518951424,40167845888,42373971968,42258657280,29692887040,27161145344,40163860480,40806252544,27320651776,42840567808,40251760640,40563142656,40315490304,27042459648,41390505984,29397516288,28956868608,28935684096,42372063232,27748261888,27165282304,39892156416,39799037952,29477093376,40985808896,41615495168,41596534784,40459960320,27933257728,41065263104,41369796608,27385634816,29201043456,40605749248,29128015872,43376951296,40004939776,41040683008,42071449600,42853310464,40114323456,42168893440,27019718656,40568012800,40884813824,41176510464,40789291008,42358534144,42671296512,26743853056,40148865024,40458756096,43014234112,41873784832,41882456064,,2.81E+12,,,,
22:02:00,10296786944,29068324864,41995059200,42796154880,40970493952,26912940032,41329688576,43827499008,42068336640,39486029824,28230279168,39933132800,42106351616,40188801024,42903117824,27766071296,40390664192,42729414656,27618402304,27398393856,42346373120,27519639552,40166752256,42373578752,42245734400,29707341824,27174121472,40146907136,40810946560,27321090048,42837012480,40256315392,40570982400,40312889344,27043430400,41390391296,29396598784,28949860352,28938268672,42371694592,27747848192,27165450240,39896465408,39796269056,29473325056,40983937024,41612361728,41594806272,40446562304,27932135424,41065840640,41370116096,27384434688,29200928768,40609542144,29129445376,43376611328,40004321280,41042862080,42070827008,42852990976,40115449856,42167689216,27020554240,40568176640,40883400704,41176592384,40799555584,42362560512,42669436928,26750943232,40150331392,40457502720,43013963776,41878683648,41881980928,,2.81E+12,,,,
22:02:15,10221993984,29068132352,41993265152,42797187072,40970870784,26914209792,41328812032,43831263232,42063654912,39484538880,28219170816,39932788736,42104295424,40186720256,42907066368,27767443456,40388554752,42728165376,27618910208,27398152192,42345738240,27519315968,40165634048,42374098944,42246467584,29702176768,27173859328,40147791872,40812339200,27318591488,42837237760,40252792832,40565112832,40316469248,27041681408,41391718400,29397127168,28947124224,28939046912,42372194304,27747299328,27165822976,39893463040,39795482624,29474566144,40984403968,41611542528,41600827392,40452964352,27933487104,41061167104,41368879104,27392212992,29200281600,40611360768,29128318976,43375808512,40003559424,41040158720,42070933504,42853576704,40115187712,42166202368,27021135872,40569712640,40884981760,41176174592,40791670784,42362089472,42668236800,26747129856,40149762048,40460574720,43015127040,41878536192,41882574848,,2.81E+12,,,,
22:02:30,10220232704,29085499392,41992048640,42794237952,40969453568,2735316992,41329385472,43830222848,27576930304,39486111744,28220112896,39934013440,42110488576,40188207104,42906005504,27767779328,40387698688,42728247296,27615490048,27397431296,42345222144,27519201280,40162320384,42372640768,42245488640,29702070272,27172274176,40149233664,40810045440,27319119872,42848522240,40251895808,40565248000,40314114048,27041165312,41409540096,29397110784,28947525632,28945018880,42371719168,27747147776,27165392896,39891292160,39811444736,29475553280,40983257088,41617866752,41600135168,40453701632,27927498752,41061945344,41370759168,27389333504,29201096704,40610803712,29140897792,43374661632,40002625536,41039495168,42070769664,42860158976,40115765248,42166300672,27020812288,40569196544,40884080640,41174614016,40789282816,42361565184,42668904448,26749218816,40150724608,40458346496,4869898240,41877893120,41882972160,,2.73E+12,,,,
22:02:45,9666252800,3357339648,2841780224,2780749824,2751213568,2726694912,2763685888,2793259008,2756886528,2573414400,2814017536,2830348288,2738229248,2785353728,2765422592,2743660544,2750828544,2736283648,2747199488,2752806912,2772336640,2794414080,2827513856,2775625728,2734551040,2726977536,2781667328,2762371072,2776662016,2757586944,2682265600,2718408704,2738290688,2773049344,2735894528,2797514752,2745561088,2847264768,2734985216,2699829248,2758623232,2715545600,2756272128,2789195776,2760364032,2793136128,2784825344,2755117056,2772230144,2815107072,2798473216,2782441472,2778017792,2758004736,2809872384,2729189376,2841620480,2809700352,2788610048,2769440768,2725605376,2712629248,2743189504,2754494464,2795966464,2781548544,2761527296,2763759616,2580258816,2795974656,2719252480,2760273920,2787962880,2768474112,2756050944,2745372672,,2.17E+11,,,,
22:03:00,10065973248,3367186432,2840412160,2780934144,2748309504,2728439808,2763104256,2792280064,2757402624,2571943936,2814791680,2834604032,2734702592,2785529856,2767568896,2742665216,2750431232,2738216960,2746761216,2755137536,2771337216,2781335552,2826698752,2768314368,2732539904,2728075264,2784399360,2759790592,2780700672,2756882432,2681610240,2723508224,2737496064,2770698240,2735259648,2797760512,2744889344,2845143040,2732625920,2701795328,2756505600,2714021888,2755084288,2787880960,2759675904,2792919040,2784796672,2756059136,2771443712,2814418944,2800623616,2782789632,2790457344,2759614464,2809741312,2730315776,2847436800,2822361088,2806411264,2769985536,2712887296,2711232512,2730618880,2767736832,2795823104,2783264768,2757840896,2762903552,2580533248,2795532288,2718228480,2759761920,2787536896,2771410944,2756898816,2745806848,,2.18E+11,,,,
22:03:15,9666797568,3368775680,2839842816,2780467200,2749222912,2729197568,2762530816,2790883328,2756194304,2571673600,2813087744,2828304384,2740748288,2785992704,2769518592,2741981184,2750828544,2737164288,2747572224,2758725632,2771693568,2781671424,2827235328,2766295040,2733355008,2728890368,2787426304,2758823936,2778849280,2754801664,2679914496,2724012032,2739671040,2770903040,2736308224,2801811456,2741653504,2845048832,2734927872,2702573568,2755715072,2713329664,2754252800,2787405824,2760126464,2804043776,2783105024,2754088960,2771083264,2812690432,2800291840,2782531584,2781765632,2768695296,2809483264,2730336256,2844000256,2807623680,2790658048,2769256448,2714255360,2711490560,2730037248,2754129920,2795253760,2797486080,2759176192,2762203136,2579513344,2794201088,2724556800,2758815744,2788020224,2772819968,2754506752,2746675200,,2.17E+11,,,,
22:03:30,10243596288,4127154176,3577262080,3545911296,3444674560,3486883840,3509166080,3486900224,3507822592,3262447616,3835297792,3587772416,3431624704,3553353728,3462406144,3801964544,3440791552,3501207552,3493257216,3806277632,3444867072,3927855104,3514327040,3445350400,3420381184,3446427648,3469897728,3448295424,3531657216,3867074560,3360071680,3404906496,3436302336,3538255872,3864383488,3503558656,3521814528,3567931392,3433922560,3385622528,3773210624,3407900672,3445587968,3825967104,3446546432,3482624000,3472121856,3526717440,3524882432,3973726208,3577729024,3552534528,3528093696,3518484480,3541782528,3452481536,3594993664,3544903680,3469762560,3543130112,3472961536,3478577152,3419471872,3904487424,3500040192,3543953408,3473440768,3436441600,3353169920,3564605440,3469103104,3532083200,3500879872,3515883520,3510976512,3496091648,,2.76E+11,,,,
22:03:45,10239799296,5593677824,3595862016,3548921856,3535233024,3795628032,3533197312,3574611968,3694563328,3352092672,3974197248,3600568320,3518799872,3548491776,3529228288,3910807552,3502870528,3515473920,3530784768,3918000128,3549171712,3933437952,3580477440,3549351936,3498577920,3499933696,3559956480,3518930944,3563573248,3933437952,3466317824,3512623104,3534045184,3542343680,3886125056,3555901440,3535663104,3621306368,3520487424,3475304448,3920666624,3483152384,3517464576,3891494912,8185278464,3550707712,3536535552,3536474112,3532398592,3995914240,3570356224,3557892096,3538759680,3538808832,3566039040,3512516608,3608268800,3567910912,3568644096,3684564992,3483230208,3486203904,3490430976,3914555392,3573497856,3555340288,3544711168,3532509184,3351257088,3584339968,3525222400,3537489920,3578150912,3870588928,3546501120,3523911680,,2.87E+11,,,,
22:04:00,10317070336,11081625600,9528975360,9849421824,7688454144,10229800960,9517953024,9189842944,10057404416,8914329600,10041823232,9931616256,7567458304,9512148992,9178112000,12266467328,9043861504,9725198336,9577181184,9977667584,8733532160,13415055360,9093177344,7918075904,9019768832,9360261120,8821477376,8636358656,9522266112,12759478272,7834095616,8944701440,9040584704,10054520832,12654497792,7596048384,9569316864,9597808640,7625789440,8540200960,11677417472,8692076544,9009639424,9061773312,10485923840,9105055744,8716476416,9916534784,9849008128,13197156352,9750409216,9751916544,9899171840,9590087680,9485742080,9398697984,9513529344,9585131520,8783704064,10034741248,9589239808,9934974976,8640061440,13275869184,9025101824,9741795328,9106743296,8274923520,9257349120,9662787584,9007263744,9810776064,9118691328,10216755200,9419747328,9531998208,,7.31E+11,,,,
22:04:15,10252017664,13315596288,12672245760,12634673152,12155527168,12584546304,12604944384,12394168320,12590358528,12061597696,16819269632,12673773568,12132306944,12650455040,12601077760,17323782144,12277747712,12592553984,12622675968,16810565632,12177473536,17545285632,12211015680,12136755200,12331413504,12586893312,12158455808,12081483776,12662398976,17588019200,12053299200,12110544896,12609417216,12621631488,17517301760,12138131456,12624273408,12708712448,12116455424,11985195008,16756604928,12080295936,12108550144,12476317696,12663062528,12164083712,12355006464,12627402752,12610158592,17638297600,12654866432,12632866816,12618084352,12618399744,12659085312,12586037248,12686626816,12634648576,12149297152,12624302080,12591898624,12568379392,12063920128,17530155008,12314771456,12652085248,12366319616,12130119680,12417609728,12651851776,12633878528,12636422144,12642947072,13003272192,12611108864,12603793408,,9.88E+11,,,,
22:04:30,10242228224,13863657472,13272297472,13218095104,13197803520,13188296704,13183041536,13226008576,13216550912,13080813568,18524884992,13260607488,13162700800,13272911872,13213990912,18457333760,13179703296,13191307264,13285425152,18334052352,13213700096,18524209152,13281767424,13209276416,13177307136,13173448704,13231104000,13202227200,13265563648,18503581696,13104013312,13175234560,13260677120,13256065024,18376228864,13203636224,13208285184,13372375040,13096280064,13159575552,18472300544,13124505600,13192781824,13523484672,13491736576,13204774912,13222424576,13212803072,13268144128,18589880320,13222916096,13184974848,13225529344,13208150016,13231587328,13235539968,13279367168,13185536000,13273264128,13215854592,13182967808,13173952512,13185388544,18468564992,13250719744,13394071552,13207457792,13201707008,12975992832,13284999168,13194940416,13203636224,13230587904,13287022592,13185994752,13202137088,,1.05E+12,,,,
22:04:45,10244497408,14084689920,13739839488,13680340992,13558882304,13855576064,13718241280,13708468224,14002130944,13728624640,19079446528,13765697536,13505658880,13654667264,13774692352,19103576064,13605634048,13675261952,13785538560,18963496960,13599920128,19305467904,13740961792,13668569088,13618982912,13644914688,13608144896,13594898432,13701431296,19318030336,13475078144,13554556928,13861588992,13826711552,19077967872,13529661440,13698637824,13806682112,13392371712,13560291328,19033583616,13560578048,13669376000,13827899392,13791506432,13621907456,13705867264,13703012352,13743001600,19339157504,13714513920,13590966272,13640093696,13726781440,13640351744,13768605696,13668499456,13517893632,13698957312,13789921280,13604196352,13725007872,13565038592,19341180928,13662007296,13847429120,13634711552,13606203392,13508423680,13762981888,13707952128,13616996352,13780344832,13957083136,13478436864,13737492480,,1.09E+12,,,,
22:05:00,10237497344,15177195520,15992475648,15706603520,15514161152,15992926208,15667212288,15453356032,16366301184,15662215168,21932306432,16039895040,15207731200,15860891648,15629991936,21879513088,15583043584,15865585664,15873245184,21911650304,15404576768,22881202176,15770722304,15609077760,15416266752,15735410688,15760465920,15342694400,15623254016,22140833792,15368585216,15622537216,15853674496,16289783808,22316384256,15148724224,15734272000,15390494720,15069306880,15674605568,22198824960,15411384320,15584428032,15663271936,16022355968,15476592640,15749304320,15943409664,15807918080,22814326784,15688720384,15628070912,15716990976,15964905472,15948279808,15749332992,15452221440,15671123968,15472386048,16249606144,15871717376,16041943040,15610556416,22525599744,15680380928,15870623744,15454658560,15631978496,15604748288,16007483392,15918010368,15664803840,15681900544,16042991616,15295643648,15557390336,,1.25E+12,,,,
22:05:15,10289643520,16569442304,18850217984,18738290688,18279952384,18947309568,18698711040,18763788288,19407953920,19310575616,26227032064,19093770240,18096128000,18626949120,18978566144,26565976064,18496294912,19229605888,19135598592,27009253376,18198691840,27950833664,18497138688,18494103552,18398777344,18797625344,18565279744,18030493696,18643492864,27507048448,18076856320,19052617728,19208036352,19471572992,26936598528,17891483648,18741293056,18617724928,17766625280,18808446976,26336915456,18356609024,18353721344,17885667328,18819231744,18037714944,18870132736,18824720384,18779467776,27371454464,18644312064,18594185216,18578890752,19131920384,18753101824,19069292544,18413195264,18666041344,17818447872,19363184640,18712199168,18821734400,18325868544,27843608576,18708238336,19307814912,18262654976,18520342528,18730340352,18719150080,18854858752,18512162816,18729041920,19064266752,18266750976,18814058496,,1.48E+12,,,,
22:05:30,10244317184,18312409088,22599565312,22548709376,21716488192,22830034944,22481690624,22077292544,23683813376,22518652928,31968776192,22453006336,21296103424,22199836672,22747217920,31765860352,22076854272,23243526144,22952865792,32254218240,21627084800,33476313088,21562134528,22362226688,21617192960,22577958912,21583900672,21442060288,22179229696,33397170176,21421191168,22166818816,22822367232,23064084480,32738836480,21787164672,22234210304,21872488448,21078388736,22162292736,31663013888,21360046080,21857517568,21220884480,22309842944,21386973184,22112423936,22663647232,22572339200,33130565632,22313844736,22294806528,22089605120,22893907968,22536507392,22710337536,21859061760,22203084800,21595668480,22780342272,22380474368,22433525760,21747912704,33672585216,22337966080,23036932096,21733330944,21884715008,22698422272,22404046848,22536658944,21996453888,22011953152,22785773568,21665804288,22325489664,,1.77E+12,,,,
22:05:45,10232328192,20633804800,26303528960,26366226432,26466025472,27465453568,26360553472,26488332288,27404546048,27375239168,38113792000,26123403264,25769074688,25798815744,26723958784,38004342784,26330472448,27470741504,26805305344,38865444864,25927663616,39528665088,26102132736,26651992064,25900085248,26396217344,26073014272,25862598656,25761517568,39152107520,26149789696,26995785728,27151298560,27203862528,38576250880,25736757248,25838944256,26037768192,24537341952,27119894528,38921637888,25750274048,26031824896,25116569600,26796797952,25456701440,26796695552,26400059392,26389991424,39113981952,26200346624,25679077376,25747562496,26568638464,26323030016,26724777984,25632313344,26503139328,25696657408,26820997120,26187030528,26328915968,26346520576,39536345088,26999566336,27006316544,26042245120,26146787328,26614505472,26117492736,26727755776,25580408832,26146254848,27449114624,25686880256,26005372928,,2.09E+12,,,,
22:06:00,10325753856,22920859648,30865424384,30578868224,30890479616,31329370112,30988681216,30694395904,31347220480,32552611840,44713881600,30577037312,29976997888,30418681856,31744696320,44473982976,30963228672,31405543424,31834951680,45864591360,29936529408,46497484800,30215823360,31074349056,30546436096,30755971072,30674399232,30577852416,29795643392,46415818752,30613286912,32188092416,32014331904,31533518848,45593841664,29957345280,30154911744,29811830784,28727730176,32198914048,45307715584,29740957696,29945667584,29532102656,31148216320,30131937280,31658471424,30260551680,30327513088,44883165184,31258013696,29978628096,30286217216,31195574272,30871449600,31603638272,29891616768,30463352832,29928865792,30877749248,30891229184,31403208704,30416855040,46632734720,30498951168,30910627840,30639321088,30280003584,31363252224,30842572800,31413829632,30026477568,30615707648,31126904832,28798734336,30354300928,,2.44E+12,,,,
22:06:15,10236452864,22926061568,30868086784,30576742400,30883430400,31328227328,30988365824,31509495808,31345274880,2557333504,30808571904,30581481472,30614298624,30425153536,31847800832,44468707328,30957068288,31401488384,16787918848,47532187648,29936586752,46638288896,30235201536,32692240384,30531371008,30752378880,30764249088,30747643904,30350516224,31269203968,31304708096,32499937280,32080633856,16693825536,45580873728,29929934848,30137778176,29802246144,29381005312,32548220928,46423953408,29729292288,29957427200,29535014912,31148240896,30128111616,31719845888,30258933760,30332170240,44885598208,31259303936,29975724032,30277828608,31191085056,30863691776,31622373376,29890904064,30464159744,29926359040,30890164224,30885330944,31399043072,30403366912,31606149120,30500335616,30888755200,30650343424,30253060096,31363567616,30828806144,31427076096,30020689920,30607237120,31132360704,28791824384,30346432512,,2.34E+12,,,,
22:06:30,10262003712,22936477696,30867349504,30576582656,30883237888,31327088640,30987431936,31509151744,31345635328,2556346368,30805110784,30587994112,30616571904,30423867392,31846809600,44471693312,30958583808,31409672192,16788975616,47532290048,29934727168,46639112192,30234533888,32692744192,30530809856,30750367744,30765887488,30746148864,30345355264,31271366656,31301226496,32513638400,32079810560,16689459200,45581058048,29929758720,30137417728,29804929024,29381390336,32557953024,46430511104,29750857728,29954994176,29535780864,31143403520,30129545216,31719788544,30256381952,30332780544,44888920064,31258320896,29974642688,30275244032,31191556096,30863888384,31619997696,29897003008,30475513856,29926600704,30900301824,30885171200,31398162432,30403928064,32482414592,30499774464,30889189376,30651936768,30255202304,31362600960,30831058944,31428308992,30019694592,30606286848,31134294016,28798705664,30345428992,,2.35E+12,,,,
22:06:45,10230079488,22938693632,30876753920,30574166016,30885793792,31334535168,30988468224,31514263552,31358631936,2553405440,30805454848,30589034496,30614347776,30423228416,31847747584,44469497856,30958616576,31400435712,16785920000,47529299968,29933883392,46644264960,30234144768,32690647040,30535221248,30750617600,30764847104,30746329088,30345302016,31270711296,31301144576,32510341120,32077635584,16685445120,45579837440,29927292928,30137131008,29803335680,29379518464,32561844224,46429446144,29741494272,29955215360,29542469632,31142912000,30130671616,31718957056,30256476160,30332149760,44882538496,31265394688,29973254144,30274605056,31192104960,30862499840,31619547136,29896011776,30473019392,29925007360,30889951232,30882635776,31397629952,30402252800,32491069440,30511149056,30887923712,30651768832,30252830720,31368093696,30830194688,31430389760,30017617920,30604447744,31134609408,28791070720,30343417856,,2.35E+12,,,,
22:07:00,10244673536,22932733952,30869135360,30575575040,30882238464,31334445056,30990127104,31515549696,31358300160,2552840192,30810247168,30588952576,30616608768,30424166400,31846285312,44468666368,30959726592,31401676800,16788910080,47528542208,29934759936,46646788096,30233186304,32691482624,30537596928,30752690176,30765993984,30752788480,30344744960,31268978688,31300943872,32511860736,32090816512,16690196480,45588557824,29929480192,30137290752,29802455040,29386936320,32569503744,46430617600,29743079424,29964816384,29542813696,31142240256,30129860608,31717588992,30256304128,30332686336,44883337216,31267172352,29975547904,30276014080,31192203264,30861705216,31621787648,29897641984,30481424384,29926211584,30889291776,30885969920,31398137856,30404546560,32496091136,30505459712,30888415232,30651760640,30255378432,31371870208,30831722496,31426826240,30017191936,30606843904,31136161792,28790607872,30347182080,,2.35E+12,,,,
22:07:15,10242949120,22931046400,30869073920,30575751168,30882840576,31335694336,30988763136,31524126720,31365951488,2565922816,30806450176,30588006400,30616207360,30422315008,31848411136,44469972992,30971871232,31402196992,16788881408,47530004480,29932273664,46644502528,30234570752,32691470336,30551822336,30760427520,30765613056,30757203968,30345031680,31266029568,31309328384,32513036288,32076439552,16688103424,45594030080,29928599552,30136254464,29822398464,29386850304,32570335232,46430846976,29749837824,29957128192,29542920192,31143546880,30131462144,31732297728,30256496640,30340239360,44883066880,31265779712,29984423936,30285197312,31189438464,30867398656,31622197248,29896163328,30482132992,29926109184,30897065984,30886965248,31401435136,30413148160,32498515968,30508318720,30888300544,30650953728,30255357952,31373418496,30829367296,31426973696,30026964992,30615040000,31133065216,28788895744,30347276288,,2.35E+12,,,,
22:07:30,10243653632,22930198528,30873964544,30576558080,30881927168,31334158336,30993219584,31522185216,31366344704,2552741888,30807957504,30588477440,30616584192,30422327296,31847567360,44469837824,30964678656,31408308224,16790806528,47530418176,29934706688,46643818496,30234583040,32689700864,30540283904,30762328064,30765494272,30750453760,30344929280,31267512320,31314128896,32524926976,32079085568,16687865856,45588123648,29927280640,30136422400,29810487296,29388943360,32570933248,46431891456,29750706176,29953712128,29550682112,31143313408,30130208768,31723073536,30265094144,30338428928,44883320832,31265591296,29981401088,30292234240,31190519808,30864760832,31622238208,29898928128,30482038784,29927780352,30897487872,30885814272,31397064704,30413508608,32500228096,30513516544,30896873472,30658723840,30266781696,31370743808,30828568576,31427887104,30033129472,30619291648,31135719424,28790644736,30356336640,,2.35E+12,,,,
22:07:45,9814134784,3371175936,2834706432,2772897792,2738737152,2745626624,2775859200,2786226176,2744426496,2560086016,2824593408,2831671296,2737164288,2771300352,2756235264,2754871296,2742824960,2744041472,2754322432,2771841024,2761691136,2794713088,2832650240,2765901824,2735382528,2722856960,2782167040,2760900608,2768343040,2775330816,2676678656,2723368960,2743906304,2764988416,2743504896,2778419200,2741010432,2863063040,2744401920,2709848064,2774839296,2722734080,2742939648,2802237440,2746384384,2781511680,2774708224,2752831488,2770096128,2828132352,2793623552,2773856256,2773983232,2759049216,2799140864,2738634752,2854195200,2804953088,2795171840,2771730432,2705530880,2717605888,2730336256,2757996544,2794692608,2771312640,2755514368,2751856640,2577174528,2794045440,2725974016,2758344704,2784329728,2760376320,2742292480,2738335744,,2.17E+11,,,,
22:08:00,9762037760,3372224512,2836787200,2774671360,2741587968,2744512512,2761248768,2786103296,2742411264,2554425344,2825175040,2841165824,2737684480,2772770816,2756194304,2755063808,2747490304,2742915072,2752262144,2766622720,2761912320,2788868096,2831896576,2765484032,2731212800,2722500608,2780389376,2760204288,2767642624,2776784896,2680471552,2725756928,2746728448,2766618624,2745131008,2794074112,2741133312,2857533440,2745618432,2710675456,2773450752,2715971584,2742001664,2802540544,2745577472,2780631040,2782179328,2753359872,2771173376,2822324224,2790547456,2774196224,2780209152,2760851456,2800553984,2741460992,2854920192,2813194240,2793226240,2770771968,2706980864,2722467840,2727481344,2754805760,2790735872,2771546112,2754576384,2754174976,2575347712,2793664512,2733006848,2752339968,2784464896,2756214784,2743525376,2739875840,,2.17E+11,,,,
22:08:15,9691357184,3377160192,2836180992,2773385216,2741825536,2746368000,2762637312,2792206336,2737799168,2553679872,2824728576,2832990208,2737782784,2767011840,2757652480,2754990080,2745708544,2742956032,2753064960,2765660160,2756186112,2788466688,2832715776,2767368192,2730504192,2723414016,2790072320,2755469312,2771501056,2775707648,2675040256,2724278272,2746023936,2767642624,2744139776,2799947776,2741071872,2854981632,2746150912,2709893120,2771849216,2717741056,2737233920,2794549248,2754088960,2786123776,2776395776,2753679360,2766929920,2821193728,2794414080,2777079808,2780221440,2757730304,2801438720,2743480320,2854744064,2815086592,2793177088,2773446656,2707169280,2722148352,2729586688,2758311936,2787487744,2772848640,2756608000,2754662400,2581245952,2796130304,2720780288,2751586304,2783358976,2756497408,2741116928,2740080640,,2.17E+11,,,,
22:08:30,9696509952,3382394880,2830409728,2766839808,2732896256,2746810368,2756857856,2786152448,2738135040,2552971264,2819129344,2832596992,2739437568,2763788288,2751733760,2752757760,2741637120,2737741824,2746327040,2764660736,2756567040,2784743424,2829115392,2767081472,2728828928,2723926016,2780057600,2753454080,2772049920,2769571840,2673786880,2717249536,2741964800,2758270976,2737717248,2793422848,2744668160,2855878656,2739712000,2705371136,2767757312,2717270016,2736484352,2795552768,2745987072,2775969792,2776473600,2746892288,2766929920,2820812800,2799689728,2775789568,2782388224,2752323584,2797031424,2736599040,2847944704,2822758400,2789113856,2772086784,2701004800,2715656192,2730954752,2757435392,2785390592,2767585280,2748600320,2748817408,2578423808,2787663872,2721386496,2750148608,2777591808,2753888256,2735026176,2733039616,,2.17E+11,,,,
22:08:45,9674477568,3377811456,2831085568,2765041664,2735165440,2739740672,2755256320,2784608256,2735468544,2555023360,2815832064,2826399744,2736427008,2769702912,2762588160,2744467456,2739318784,2738806784,2745188352,2763141120,2751733760,2783293440,2824126464,2771226624,2727510016,2716573696,2786930688,2753368064,2769436672,2779406336,2672910336,2717745152,2740690944,2760417280,2736197632,2790252544,2735120384,2855571456,2739634176,2703319040,2763976704,2721820672,2737778688,2793824256,2746589184,2780176384,2774093824,2745151488,2763829248,2816798720,2787426304,2769371136,2776010752,2760835072,2794307584,2733850624,2847440896,2806525952,2790064128,2764746752,2704109568,2714972160,2726535168,2754371584,2784808960,2762924032,2748006400,2746097664,2576486400,2797719552,2721427456,2751639552,2788065280,2753531904,2734850048,2733051904,,2.17E+11,,,,
22:09:00,9680609280,3373178880,2830790656,2767896576,2739888128,2738688000,2754826240,2784296960,2736676864,2553982976,2817654784,2827870208,2736332800,2771275776,2769383424,2741886976,2739085312,2738036736,2746961920,2761789440,2754265088,2783956992,2823868416,2773135360,2727608320,2714103808,2787020800,2752299008,2778566656,2768785408,2672414720,2725597184,2740621312,2772443136,2736058368,2791927808,2733936640,2860306432,2741817344,2704756736,2764566528,2722050048,2735386624,2793136128,2744164352,2780119040,2779209728,2742747136,2763280384,2818572288,2787340288,2766454784,2780676096,2751668224,2794569728,2741702656,2846167040,2806476800,2789756928,2764623872,2704125952,2715299840,2724511744,2753835008,2784133120,2763517952,2746974208,2747232256,2578329600,2791559168,2721271808,2747711488,2782363648,2754084864,2732675072,2733002752,,2.17E+11,,,,
22:09:15,9685176320,3378782208,2827206656,2767863808,2739929088,2744119296,2762747904,2786086912,2743091200,2554540032,2816786432,2827370496,2736336896,2770866176,2763132928,2765246464,2739499008,2748379136,2748784640,2762723328,2754240512,2793721856,2825031680,2773078016,2726711296,2717212672,2786414592,2754039808,2769039360,2766561280,2673278976,2717040640,2740862976,2762252288,2735173632,2792017920,2740330496,2852564992,2740244480,2712518656,2761588736,2733043712,2735476736,2793205760,2749313024,2781392896,2779938816,2747797504,2763972608,2827071488,2786525184,2768330752,2779631616,2750681088,2796716032,2734501888,2847625216,2807496704,2792161280,2774282240,2703785984,2712588288,2725117952,2754994176,2783440896,2770751488,2746613760,2748841984,2577268736,2786308096,2719076352,2749710336,2780758016,2754940928,2740183040,2735325184,,2.17E+11,,,,
22:09:30,10087596032,3365064704,2840805376,2764185600,2757197824,3067965440,2767093760,2786222080,2736943104,2554953728,2816286720,2828095488,2735202304,2769502208,2763345920,2749546496,2737926144,2740101120,2755334144,2762047488,2758930432,2785886208,2824527872,2771742720,2725797888,2715590656,2786533376,2754727936,2768674816,2767421440,2672914432,2719289344,2739978240,2874589184,2734747648,2790686720,2738929664,2852237312,2738753536,2705006592,2763923456,2721165312,2735702016,2790387712,2750341120,2778292224,2777563136,2743660544,2830970880,2817683456,2787737600,2803593216,2780590080,2762993664,2795679744,2734706688,2847666176,2806829056,2788782080,2888900608,2704707584,2793525248,2723475456,2752155648,2787557376,2770620416,2755264512,2749210624,2578231296,2784862208,2721804288,2747924480,2784522240,3083489280,2730786816,2734940160,,2.19E+11,,,,
22:09:45,10240720896,3914014720,3592187904,3757436928,3189817344,4968783872,3536756736,3381428224,2734649344,2560069632,3255656448,3859935232,3157704704,2769956864,3389124608,2747543552,3292790784,3629101056,3456303104,3195310080,2755502080,2786496512,3345395712,3203059712,3287166976,2720866304,3265085440,3273199616,2766712832,2768109568,3125751808,3267670016,3316371456,3876454400,2733817856,3228831744,3535806464,3521138688,3159773184,3193393152,2764541952,3217211392,2750590976,2787377152,3193663488,2780000256,2777444352,2743287808,3849015296,2817122304,2786193408,3787599872,3657535488,3505942528,2794471424,3392729088,2846523392,3542237184,6909366272,4017127424,3555303424,3889385472,2723045376,2752397312,3390840832,3631595520,3387088896,2751938560,3365908480,3646603264,3368861696,3665715200,3418849280,5088124928,3475398656,2734321664,,2.60E+11,,,,
22:10:00,10294964224,7143055360,7986855936,7954595840,7632822272,7902236672,7922655232,7965716480,2735607808,2568990720,7718858752,7971971072,7627972608,2770083840,7941312512,2747932672,7892381696,7896141824,7922450432,7628492800,2757136384,2787155968,7985823744,7626543104,7886082048,2720931840,7864336384,7666032640,2767405056,2768703488,7554326528,7587643392,7800967168,7906926592,2751721472,7678603264,7909842944,8041394176,7590191104,7843749888,2763837440,7892746240,2738499584,2786947072,7611363328,2779779072,2775269376,2744758272,7930265600,2818527232,2786160640,7934164992,7922884608,7889539072,2810855424,7881748480,2847371264,7945277440,8213344256,7925985280,7872176128,7861153792,2722394112,2751262720,7952338944,7936278528,7900418048,2753847296,7735103488,7967219712,7886532608,7933870080,7922069504,7928983552,7896432640,2735476736,,4.76E+11,,,,
22:10:15,10227953664,7358976000,8075476992,8031014912,7934656512,8021684224,8000679936,8029917184,2735226880,2556608512,8038055936,8077824000,7946682368,2768084992,8007884800,2748432384,7938379776,8000307200,7974346752,7972925440,2758258688,2786328576,8054837248,7961296896,7941951488,2720362496,8004644864,7966674944,2768175104,2770501632,7892054016,7949824000,7963635712,7985995776,2739322880,8001933312,8000512000,8081145856,7925444608,7922257920,2763423744,7960903680,2740670464,2787573760,7974400000,2780848128,2779987968,2744446976,8025579520,2818310144,2785419264,8030998528,7993266176,7950274560,2795782144,7929507840,2845200384,8015872000,8278228992,8032890880,7941476352,7952142336,2724073472,2753011712,8029515776,8004349952,7938764800,2750971904,7794692096,8078778368,7964815360,8053612544,7991062528,8041234432,7980638208,2739826688,,4.83E+11,,,,
22:10:30,10247151616,7357898752,8450543616,8403361792,8215322624,8438292480,8371085312,8401108992,2735460352,2557607936,8347439104,8446808064,8189390848,2768089088,8365322240,2749976576,8284557312,8372772864,8343904256,8253784064,2758668288,2788552704,8368160768,8266629120,8297410560,2720538624,8333676544,8270913536,2766532608,2771931136,8180617216,8275910656,8318070784,8338231296,2740318208,8305881088,8383827968,8400363520,8217034752,8330629120,2761125888,8309690368,2739785728,2790494208,8304586752,2781106176,2777976832,2748612608,8419426304,2817486848,2785398784,8448794624,8369082368,8293593088,2793603072,8289898496,2847129600,8352149504,8651304960,8401096704,8237355008,8364453888,2730635264,2756018176,8402567168,8343343104,8292200448,2753069056,8105365504,8429064192,8298430464,8394616832,8319512576,8456351744,8361508864,2730987520,,5.01E+11,,,,
22:10:45,10441838592,7378399232,9037660160,9021292544,8789024768,9066131456,8994238464,9041797120,2732404736,2557718528,9001136128,9076813824,8773206016,2769092608,8972398592,2746617856,8871256064,8982896640,8922787840,8888152064,2763145216,2786603008,9040429056,8857907200,8904687616,2717913088,8936996864,8934293504,2767339520,2771898368,8768839680,8809881600,8919293952,8948031488,2737917952,8964419584,8979308544,9040592896,8859652096,8949075968,2761248768,8922415104,2738786304,2803982336,8949891072,2779021312,2781011968,2747064320,9017348096,2816147456,2785554432,9086959616,8993980416,8855896064,2792857600,8909533184,2846056448,8937222144,9279283200,9017917440,8811356160,8995770368,2729287680,2757115904,8999534592,8951361536,8880730112,2750308352,8706154496,9018036224,8896237568,9097531392,8977760256,9102036992,8975831040,2731757568,,5.32E+11,,,,
22:11:00,10225876992,7398952960,9861550080,9737453568,9444474880,9794764800,9678360576,9763037184,2737324032,2556641280,9688707072,9799622656,9447129088,2769985536,9732644864,2749120512,9561653248,9701310464,9625239552,9568169984,2762981376,2790387712,9739505664,9516101632,9621954560,2720555008,9713991680,9648422912,2772930560,2771189760,9475805184,9641361408,9644232704,9666797568,2737999872,9649942528,9794265088,9760477184,9527484416,9658466304,2761093120,9617268736,2739392512,2790002688,9657135104,2785124352,2780000256,2749968384,9734635520,2819809280,2785296384,9842470912,9726099456,9567117312,2797854720,9634377728,2844049408,9759989760,10078027776,9858232320,9490391040,9841565696,2736988160,2755084288,9724743680,9666478080,9569259520,2753355776,9410883584,9835687936,9696993280,9830871040,9697644544,9844486144,9717825536,2736996352,,5.68E+11,,,,
22:11:15,10225352704,7400984576,10757255168,10553544704,10233864192,10637176832,10644541440,10570567680,2738106368,2556690432,10592591872,10625056768,10202742784,2779095040,10511695872,2747736064,10386653184,10633785344,10567622656,10462490624,2763849728,2786791424,10560258048,10423259136,10521468928,2719809536,10636271616,10450321408,2771951616,2769047552,10236411904,10444759040,10453520384,10513694720,2736889856,10421207040,10617896960,10575732736,10465062912,10598309888,2761994240,10379763712,2738946048,2790326272,10586120192,2786217984,2782388224,2746392576,10625015808,2818347008,2797125632,10687692800,10695348224,10506211328,2800291840,10440523776,2855579648,10572812288,10880311296,10681073664,10414153728,10656215040,2730008576,2757910528,10665897984,10498764800,10328293376,2753572864,10200162304,10667794432,10499960832,10656649216,10489929728,10659147776,10549170176,2736861184,,6.10E+11,,,,
22:11:30,10230808576,7391473664,11640987648,11501305856,11171545088,11557466112,11612143616,11544145920,2738974720,2556833792,11380690944,11564916736,11136643072,2781196288,11474001920,2749775872,11295293440,11442573312,11334971392,11412787200,2760904704,2786758656,11491512320,11379720192,11332657152,2721435648,11419299840,11217940480,2771943424,2778411008,11175231488,11396526080,11396509696,11423068160,2736869376,11356430336,11575300096,11530178560,11404668928,11527491584,2763661312,11317612544,2738647040,2790330368,11539095552,2797068288,2782285824,2750967808,11508789248,2816258048,2785288192,11657621504,11636326400,11292811264,2799529984,11425009664,2845634560,11493531648,11827179520,11650617344,11371839488,11635376128,2729291776,2756603904,11619426304,11321163776,11289554944,2753482752,11158593536,11618492416,11456077824,11592556544,11394457600,11631194112,11480883200,2737078272,,6.56E+11,,,,
22:11:45,10240159744,7399317504,12703555584,12404486144,12041015296,12602990592,12491808768,12611510272,2737930240,2557325312,12394352640,12425842688,11987456000,2788032512,12529430528,2749509632,12330139648,12477616128,12381356032,12479246336,2762706944,2786693120,12564602880,12262248448,12377554944,2718318592,12482076672,12273078272,2780737536,2767163392,12061917184,12271890432,12311314432,12303196160,2734563328,12405624832,12635840512,12452618240,12272721920,12415758336,2760712192,12332236800,2737074176,2787680256,12416618496,2784202752,2779447296,2745077760,12567867392,2817396736,2785173504,12706488320,12517494784,12287291392,2798342144,12305190912,2845175808,12333334528,12678004736,12528869376,12264824832,12747800576,2729033728,2755588096,12597284864,12336279552,12325343232,2751160320,12027559936,12674707456,12357365760,12657868800,12449099776,12552364032,12352086016,2737643520,,7.05E+11,,,,
22:12:00,10300928000,7405707264,13734916096,13442756608,13036515328,13444452352,13499375616,13420490752,2739974144,2556678144,13386313728,13439107072,12974264320,2779455488,13463711744,2749337600,13112569856,13537046528,13287628800,13301653504,2762883072,2784378880,13378846720,13278425088,13177028608,2719039488,13508591616,13085671424,2771755008,2769031168,13055787008,13310537728,13347135488,13343588352,2736463872,13381443584,13696094208,13258088448,13255958528,13408034816,2760798208,13122555904,2739707904,2794479616,13446422528,2783457280,2780426240,2760474624,13412429824,2830733312,2781978624,13763342336,13580808192,13154430976,2798825472,13119197184,2847240192,13350252544,13691228160,13560664064,13078515712,13771128832,2728333312,2757746688,13522083840,13154439168,13124546560,2749091840,13039710208,13722624000,13381447680,13496160256,13464035328,13380751360,13379411968,2737655808,,7.52E+11,,,,
22:12:15,10234994688,7407460352,14649147392,14285365248,13907451904,14330048512,14365884416,14295285760,2740142080,2564304896,14256418816,14301650944,13841608704,2779099136,14388396032,2750947328,13995544576,14419611648,14257618944,14207299584,2763022336,2787430400,14267305984,14170374144,14047440896,2719805440,14398590976,14008246272,2772365312,2769608704,13937254400,14188515328,14003589120,14207197184,2736697344,14264123392,14546599936,14148722688,14147518464,14311477248,2761916416,13990727680,2738216960,2795773952,14323015680,2785533952,2780725248,2747502592,14276284416,2820608000,2782769152,14443597824,14461636608,14018363392,2798309376,13986832384,2845229056,14206517248,14580305920,14447472640,13973082112,14535081984,2728955904,2759323648,14390374400,14026317824,13989183488,2751807488,13831122944,14397042688,14152335360,14377730048,14324314112,14278127616,14266593280,2738081792,,7.95E+11,,,,
22:12:30,10219180032,7419277312,15305084928,14909726720,14537621504,14980321280,15020462080,14947328000,2742673408,2563686400,14890045440,14916468736,14492524544,2778304512,15057911808,2750169088,14640254976,15041302528,14885117952,15102849024,2762895360,2786308096,14951550976,14832668672,14691115008,2717827072,15047782400,14636929024,2771685376,2770145280,14572015616,14831968256,14682320896,14852673536,2737238016,14909427712,15238098944,14797828096,14796328960,14953193472,2760744960,14731722752,2744573952,2794201088,14971281408,2790789120,2778624000,2737500160,14922739712,2821103616,2788986880,15101628416,15105138688,14623760384,2797817856,14626033664,2845564928,14842777600,15210455040,15081418752,14613585920,15126097920,2726465536,2758000640,15049187328,14684553216,14629007360,2749767680,14542123008,15037825024,14797938688,15040782336,14961250304,14910341120,14890106880,2736033792,,8.28E+11,,,,
22:12:45,10225389568,8457797632,15550586880,15112638464,14758203392,15211024384,15247384576,15183917056,2738769920,2566557696,15100194816,15148666880,14707658752,2776129536,15283240960,2750042112,15048577024,15254974464,15104843776,15304777728,2764566528,2784587776,15340462080,15244128256,14908633088,2718113792,15282343936,14863265792,2774278144,2772623360,14802669568,15064297472,15060021248,15043342336,2745794560,15105376256,15433162752,15054073856,15233835008,15160242176,2763472896,15042088960,2746609664,2793000960,15404044288,2791960576,2789584896,2743427072,15333937152,2819719168,2789199872,15514046464,15329304576,14873493504,2810290176,14843035648,2844340224,15066820608,15610019840,15306330112,14832287744,15345057792,2727866368,2756997120,15451103232,14915457024,14842601472,2749042688,14741725184,15433920512,15087394816,15275335680,15200092160,15126716416,15125540864,2735116288,,8.42E+11,,,,
22:13:00,10232262656,8545411072,2843660288,2784555008,14941904896,2743332864,2772529152,6705999872,2738479104,2562023424,15288795136,2830450688,14883000320,2777784320,2774237184,2750222336,7530708992,2743603200,2762670080,15477092352,2763735040,2783907840,11504037888,15264731136,8006459392,2727497728,15492849664,15049912320,2774384640,2774032384,15006130176,9702400000,6787411968,2767454208,2741567488,15284314112,2754473984,2859036672,15242256384,15345725440,2763321344,15059935232,2745487360,2794598400,15410962432,2789183488,2777251840,2743558144,2776788992,2819219456,2789416960,2785968128,2791047168,2772455424,2798723072,2740178944,2844913664,2810654720,15623135232,2773127168,2719268864,2737328128,2726850560,2756775936,6408699904,2781024256,2763702272,2756358144,2587344896,2809892864,2733715456,2776764416,8533008384,2770481152,2755493888,2748620800,,4.41E+11,,,,
22:13:15,9682497536,3386036224,2840911872,2782498816,2750099456,2741641216,2764251136,2793271296,2737733632,2560098304,2832367616,2828980224,2746814464,2778558464,2771542016,2743222272,2751373312,2739048448,2760388608,2761617408,2755862528,2781380608,2831314944,2778517504,2727317504,2720755712,2795724800,2762969088,2763300864,2768498688,2682580992,2727714816,2743554048,2759442432,2735579136,2800558080,2748100608,2857537536,2749915136,2712059904,2758262784,2725793792,2747723776,2794078208,2757185536,2790481920,2776084480,2742247424,2775339008,2819112960,2788290560,2779836416,2790985728,2767196160,2797383680,2733813760,2843164672,2810384384,2797961216,2771058688,2718683136,2719670272,2730057728,2756009984,2799222784,2777882624,2761265152,2757079040,2584576000,2806493184,2725060608,2766323712,2781130752,2768551936,2755465216,2736738304,,2.17E+11,,,,
,,,,,,,,,,,,,,,,,,,,,,,,,,,,,,,,,,,,,,,,,,,,,,,,,,,,,,,,,,,,,,,,,,,,,,,,,,,,,,,,,,
,10441838592,8545411072,15550586880,15112638464,14941904896,15211024384,15247384576,15183917056,2743091200,2568990720,15288795136,15148666880,14883000320,2788032512,15283240960,2765246464,15048577024,15254974464,15104843776,15477092352,2764566528,2793721856,15340462080,15264731136,14908633088,2727497728,15492849664,15049912320,2780737536,2778411008,15006130176,15064297472,15060021248,15043342336,2751721472,15284314112,15433162752,15054073856,15242256384,15345725440,2764541952,15059935232,2750590976,2803982336,15410962432,2797068288,2789584896,2760474624,15333937152,2830733312,2797125632,15514046464,15329304576,14873493504,2810855424,14843035648,2855579648,15066820608,15623135232,15306330112,14832287744,15345057792,2736988160,2759323648,15451103232,14915457024,14842601472,2757079040,14741725184,15433920512,15087394816,15275335680,15200092160,15126716416,15125540864,2748620800,,8.44E+11,,844476608512.00 ,829948059648.00 ,1674424668160.00 
,,,,,,,,,,,,,,,,,,,,,,,,,,,,,,,,,,,,,,,,,,,,,,,,,,,,,,,,,,,,,,,,,,,,,,,,,,,,,,,,217627340800.00 ,209678729216.00 ,427306070016.00 
22:13:30,9676558336,3374018560,2840797184,2782838784,2751373312,2744909824,2757660672,2793930752,2741952512,2561433600,2832596992,2842038272,2747101184,2778288128,2771193856,2743152640,2750701568,2738663424,2761818112,2761519104,2755862528,2783174656,2829426688,2776895488,2728153088,2719338496,2798850048,2763444224,2762870784,2769268736,2683166720,2727796736,2743898112,2759467008,2736312320,2798215168,2745651200,2857394176,2746507264,2712367104,2759688192,2726223872,2747236352,2801070080,2755657728,2790117376,2776993792,2744545280,2773794816,2820190208,2786590720,2783559680,2787860480,2766934016,2797256704,2744979456,2843766784,2809905152,2795245568,2771484672,2718269440,2718400512,2728407040,2755596288,2797776896,2777923584,2759827456,2767589376,2582474752,2806874112,2726993920,2765758464,2782351360,2770173952,2760888320,2737295360,,2.17E+11,,,,1189344.98 
22:13:45,9689989120,3377614848,2839506944,2779271168,2749833216,2743095296,2755043328,2790264832,2740678656,2561040384,2830213120,2829762560,2748096512,2777976832,2767757312,2742022144,2751598592,2738077696,2759794688,2760871936,2754904064,2786283520,2831065088,2782564352,2725957632,2719932416,2794573824,2761424896,2760122368,2769248256,2682613760,2724487168,2744934400,2757795840,2733850624,2797867008,2748035072,2857816064,2746064896,2714591232,2759536640,2725462016,2747928576,2792738816,2756366336,2788851712,2775986176,2745610240,2774872064,2819481600,2786512896,2777702400,2787094528,2768109568,2794708992,2733211648,2845401088,2808311808,2796359680,2772148224,2724917248,2717995008,2732019712,2755833856,2795446272,2779045888,2760462336,2753658880,2582614016,2807480320,2725445632,2764931072,2784079872,2768691200,2759442432,2741227520,,2.17E+11,,,,
22:14:00,9965670400,3366633472,2841432064,2782289920,2748461056,2741305344,2758152192,2792579072,2740736000,2564915200,2831749120,2829172736,2755727360,2778882048,2771062784,2740506624,2752966656,2738823168,2762526720,2762203136,2755973120,2797178880,2834341888,2777149440,2727108608,2730807296,2798354432,2764197888,2763612160,2770378752,2683416576,2726535168,2744844288,2759700480,2735218688,2798895104,2757521408,2856554496,2747670528,2714865664,2760908800,2727337984,2746679296,2793730048,2756956160,2792308736,2776317952,2746118144,2775302144,2819485696,2788343808,2777845760,2795773952,2768199680,2800783360,2735218688,2859102208,2826117120,2797256704,2774319104,2719563776,2720096256,2728103936,2765578240,2796396544,2777542656,2758619136,2754920448,2583371776,2806853632,2724356096,2765996032,2795982848,2766143488,2762104832,2742505472,,2.18E+11,,,,
22:14:15,9675948032,3382542336,2840252416,2782969856,2748321792,2743685120,2756739072,2792980480,2739367936,2565382144,2831876096,2831618048,2747428864,2778718208,2779099136,2744475648,2752675840,2738917376,2760515584,2766925824,2772119552,2784964608,2831986688,2776678400,2726649856,2718949376,2795565056,2765316096,2765230080,2782183424,2689032192,2726780928,2747191296,2759680000,2737111040,2799587328,2748092416,2856824832,2747269120,2715762688,2775826432,2728235008,2750476288,2794397696,2757689344,2792226816,2777296896,2746101760,2774142976,2821349376,2789031936,2787401728,2789429248,2779643904,2802126848,2739249152,2847543296,2811744256,2798792704,2770976768,2718547968,2717679616,2730684416,2756739072,2795827200,2793594880,2757275648,2756550656,2593075200,2814324736,2728071168,2767351808,2789384192,2767020032,2760040448,2747043840,,2.18E+11,,,,
22:14:30,9695744000,3381137408,2841325568,2781552640,2750967808,2743013376,2763493376,2792517632,2744373248,2568437760,2829979648,2830229504,2747768832,2786504704,2770763776,2743988224,2752643072,2739560448,2762121216,2765803520,2758488064,2784735232,2832142336,2779234304,2724286464,2718674944,2795335680,2763563008,2763739136,2768199680,2688430080,2726424576,2745585664,2770112512,2735820800,2800328704,2757550080,2856013824,2755272704,2713432064,2761482240,2727649280,2750484480,2793918464,2771914752,2789638144,2776842240,2746228736,2772484096,2820935680,2788507648,2787090432,2788745216,2766626816,2803032064,2737942528,2848256000,2812006400,2798153728,2773385216,2717646848,2717040640,2729304064,2757894144,2796359680,2777346048,2760171520,2755645440,2583220224,2807648256,2725613568,2765885440,2782339072,2766245888,2760560640,2745847808,,2.18E+11,,,,
22:14:45,9684045824,3385954304,2841243648,2781388800,2747424768,2742837248,2761695232,2793177088,2757939200,2566942720,2831048704,2829479936,2749177856,2779279360,2769649664,2746355712,2752700416,2752266240,2761302016,2767605760,2764115968,2784079872,2833154048,2779230208,2723794944,2725150720,2794704896,2762768384,2764255232,2768097280,2686275584,2726174720,2746568704,2759081984,2734034944,2797809664,2755117056,2857422848,2746974208,2721218560,2761527296,2737848320,2749952000,2797350912,2756374528,2790424576,2777010176,2748403712,2775089152,2820255744,2790608896,2787741696,2788782080,2774020096,2803634176,2736742400,2847592448,2811326464,2796888064,2779934720,2716913664,2718367744,2727366656,2757517312,2796060672,2776592384,2757455872,2753200128,2582093824,2806362112,2729000960,2768056320,2781425664,2765828096,2756263936,2748067840,,2.18E+11,,,,
22:15:00,9680437248,3379306496,2840502272,2782666752,2749796352,2743300096,2765262848,2792456192,2745044992,2567798784,2828886016,2829340672,2750373888,2778927104,2770636800,2748207104,2752512000,2740822016,2763313152,2768412672,2767187968,2785714176,2833129472,2779103232,2727198720,2725220352,2795503616,2761990144,2765381632,2769010688,2686709760,2727378944,2746003456,2760495104,2736488448,2798407680,2754777088,2857041920,2747850752,2713456640,2762608640,2728546304,2747944960,2796122112,2759131136,2791268352,2776526848,2746179584,2773630976,2823086080,2797662208,2786619392,2790948864,2775252992,2804854784,2739585024,2848755712,2812452864,2798170112,2773868544,2719367168,2720124928,2729545728,2758107136,2803810304,2778558464,2760900608,2756251648,2583617536,2807832576,2729648128,2767806464,2784268288,2766807040,2759274496,2752151552,,2.18E+11,,,,
22:15:15,9684668416,3378225152,2841108480,2785206272,2754093056,2745331712,2766454784,2808545280,2745683968,2567503872,2831212544,2830729216,2751549440,2781069312,2772426752,2753146880,2751623168,2738417664,2763821056,2773311488,2767986688,2783916032,2834423808,2780839936,2727710720,2725818368,2798043136,2764124160,2765504512,2767171584,2686754816,2728005632,2748674048,2760839168,2736828416,2801299456,2757398528,2857156608,2749775872,2713161728,2761179136,2728890368,2749116416,2795831296,2760974336,2793668608,2779275264,2747609088,2777219072,2822799360,2799374336,2787995648,2788524032,2774876160,2807156736,2735611904,2847027200,2813739008,2799005696,2774573056,2720718848,2720038912,2730532864,2763935744,2795966464,2780090368,2762412032,2757271552,2582208512,2807689216,2730786816,2767372288,2784976896,2767319040,2759802880,2751127552,,2.18E+11,,,,
22:15:30,9683181568,3364265984,2841870336,2790150144,2755284992,2746183680,2766327808,2794921984,2745044992,2568294400,2833203200,2830032896,2763759616,2780241920,2771775488,2751483904,2759106560,2737541120,2768052224,2772283392,2768551936,2784124928,2834866176,2781392896,2742407168,2725277696,2798899200,2777079808,2765496320,2769457152,2688401408,2728013824,2746245120,2766524416,2746253312,2800549888,2756898816,2869428224,2748637184,2715250688,2761076736,2728861696,2749566976,2796290048,2758316032,2791755776,2792337408,2746560512,2788700160,2823372800,2799857664,2788384768,2789691392,2774097920,2819100672,2736672768,2847133696,2815152128,2799775744,2773557248,2717450240,2720686080,2733203456,2763354112,2797223936,2777669632,2759639040,2757382144,2599120896,2807533568,2731212800,2765389824,2784636928,2778697728,2760245248,2749874176,,2.18E+11,,,,
22:15:45,9678061568,3369316352,2842185728,2781044736,2756620288,2744647680,2770944000,2793111552,2745753600,2570682368,2831024128,2827796480,2748395520,2781560832,2770890752,2750025728,2752901120,2740318208,2757943296,2770767872,2769915904,2785775616,2835427328,2779148288,2725683200,2730180608,2797060096,2762276864,2764697600,2769440768,2701185024,2728640512,2746511360,2766462976,2742530048,2799783936,2760503296,2859413504,2748776448,2714476544,2762072064,2728685568,2750504960,2795749376,2758103040,2791317504,2782724096,2747846656,2777145344,2822422528,2800840704,2788114432,2792693760,2773327872,2802548736,2735955968,2844536832,2816122880,2797887488,2771279872,2718720000,2731773952,2734497792,2763243520,2795601920,2777509888,2760171520,2760798208,2583601152,2806362112,2733334528,2775580672,2783002624,2766041088,2759823360,2757005312,,2.18E+11,,,,
22:16:00,9757966336,3365851136,2843086848,2784313344,2755006464,2745745408,2779611136,2796822528,2748514304,2568261632,2832482304,2828922880,2748260352,2780450816,2772733952,2750586880,2753675264,2740928512,2760441856,2770857984,2768908288,2785484800,2834632704,2780352512,2730237952,2722844672,2797412352,2765467648,2771714048,2770944000,2688737280,2730020864,2748309504,2767593472,2742595584,2799394816,2759905280,2857984000,2748731392,2716041216,2768658432,2729361408,2751160320,2797121536,2759446528,2792841216,2781016064,2748432384,2775764992,2823884800,2800324608,2786484224,2791059456,2775994368,2806300672,2739343360,2849525760,2815721472,2798596096,2775183360,2716786688,2722041856,2733944832,2763247616,2797301760,2778230784,2759311360,2766733312,2583859200,2808455168,2732793856,2766671872,2786258944,2767908864,2762489856,2751815680,,2.18E+11,,,,
22:16:15,9694420992,3387629568,2841337856,2785525760,2754502656,2747441152,2774880256,2798018560,2749796352,2569768960,2834685952,2843500544,2751193088,2782351360,2773139456,2752339968,2754867200,2741104640,2762571776,2774925312,2770481152,2784370688,2833514496,2782801920,2734542848,2728955904,2801278976,2764689408,2773291008,2769711104,2690351104,2731409408,2746933248,2767343616,2743857152,2804989952,2758582272,2857455616,2751782912,2716499968,2766073856,2731982848,2752262144,2796232704,2758774784,2793865216,2784002048,2749362176,2777923584,2828021760,2798534656,2788503552,2791841792,2777362432,2813296640,2742583296,2850213888,2814038016,2799042560,2774224896,2717650944,2721673216,2737045504,2764611584,2800263168,2778861568,2761453568,2783158272,2586501120,2808844288,2741284864,2769788928,2785673216,2769170432,2762039296,2752405504,,2.18E+11,,,,
22:16:30,9688023040,3385978880,2841874432,2787274752,2756554752,2746105856,2775842816,2796863488,2746855424,2569510912,2832355328,2830983168,2752389120,2781581312,2773213184,2750939136,2755551232,2740232192,2762665984,2774204416,2769281024,2785816576,2835963904,2779488256,2733445120,2728390656,2800537600,2765561856,2773786624,2772332544,2687610880,2730688512,2748600320,2768211968,2745417728,2803879936,2761457664,2857807872,2751012864,2717548544,2765541376,2732077056,2751561728,2796699648,2759593984,2794897408,2782892032,2751025152,2778701824,2823528448,2799611904,2787598336,2793205760,2774827008,2812289024,2740031488,2849992704,2815741952,2800590848,2776920064,2729906176,2722942976,2747858944,2765295616,2798706688,2780581888,2761707520,2767101952,2587164672,2809905152,2733297664,2772422656,2789261312,2768138240,2763755520,2750705664,,2.18E+11,,,,
22:16:45,9690091520,3376095232,2842222592,2786279424,2753757184,2743918592,2773811200,2797084672,2740535296,2570383360,2833924096,2832056320,2750418944,2775027712,2772729856,2751893504,2753249280,2741403648,2760912896,2767618048,2770071552,2789437440,2850734080,2774036480,2728091648,2732019712,2799960064,2757890048,2773458944,2772697088,2690908160,2729828352,2745880576,2768171008,2743934976,2801053696,2758840320,2856099840,2749960192,2715561984,2766704640,2725507072,2752815104,2789171200,2760814592,2794528768,2776674304,2750648320,2770522112,2821238784,2811822080,2789294080,2793545728,2777468928,2812157952,2737774592,2850525184,2817396736,2799964160,2776330240,2719367168,2722779136,2742620160,2776133632,2794893312,2780086272,2761687040,2765631488,2580725760,2808307712,2733854720,2764492800,2786603008,2761494528,2762010624,2750828544,,2.18E+11,,,,
22:17:00,9697497088,3379490816,2838294528,2779439104,2750550016,2744066048,2769481728,2785378304,2742288384,2564452352,2833068032,2831212544,2745290752,2774351872,2779181056,2750943232,2748395520,2733023232,2755444736,2765152256,2771451904,2781409280,2831577088,2773704704,2726703104,2732195840,2794594304,2758959104,2766737408,2774990848,2690568192,2723033088,2740523008,2762072064,2738765824,2795913216,2754220032,2859003904,2745204736,2711191552,2768474112,2727501824,2752032768,2788630528,2755960832,2792976384,2777427968,2743599104,2771980288,2821419008,2792022016,2789724160,2786562048,2781478912,2807881728,2732597248,2845024256,2810839040,2796097536,2775351296,2714431488,2713239552,2742661120,2764935168,2795044864,2781069312,2756214784,2759958528,2581872640,2801188864,2732056576,2769010688,2797838336,2763382784,2754457600,2745380864,,2.18E+11,,,,
22:17:15,9714872320,3383549952,2836221952,2778501120,2751066112,2741415936,2771529728,2787807232,2742427648,2563649536,2829250560,2825363456,2746675200,2788089856,2769317888,2746757120,2746036224,2733252608,2756804608,2774044672,2772951040,2783113216,2830462976,2774564864,2723819520,2727313408,2810036224,2760048640,2765778944,2764107776,2685243392,2722394112,2741923840,2762723328,2739814400,2797649920,2753077248,2850357248,2755133440,2710986752,2761093120,2726981632,2751176704,2788216832,2763452416,2792054784,2777882624,2743771136,2770788352,2820739072,2792640512,2783932416,2786545664,2768056320,2806464512,2733182976,2843144192,2810765312,2793193472,2769563648,2714259456,2720145408,2736074752,2758750208,2795495424,2772500480,2756825088,2759876608,2580824064,2803793920,2725871616,2769559552,2781388800,2762719232,2754945024,2749812736,,2.18E+11,,,,
22:17:30,9686331392,3365068800,2836631552,2778435584,2752348160,2739712000,2772107264,2786566144,2749734912,2561662976,2841411584,2824978432,2745769984,2774249472,2769747968,2752864256,2746249216,2746507264,2759434240,2770513920,2772226048,2785595392,2831224832,2773868544,2722357248,2725044224,2792288256,2760814592,2765426688,2765189120,2686218240,2719772672,2742554624,2760802304,2740645888,2797252608,2752618496,2851868672,2746544128,2710294528,2761916416,2725122048,2750566400,2789892096,2753122304,2791940096,2777640960,2757832704,2770227200,2818772992,2793467904,2781892608,2783821824,2766753792,2806530048,2732871680,2847272960,2809835520,2793201664,2770173952,2713145344,2720563200,2736713728,2758340608,2793238528,2772037632,2754949120,2760269824,2579136512,2805370880,2723909632,2767966208,2779869184,2762391552,2764402688,2751483904,,2.17E+11,,,,
22:17:45,9684307968,3369762816,2848813056,2779844608,2762133504,2740994048,2768732160,2785923072,2744119296,2559799296,2825527296,2828767232,2745307136,2773893120,2771767296,2751938560,2745729024,2734501888,2758217728,2771124224,2771574784,2786816000,2829111296,2773884928,2724212736,2726060032,2789552128,2759475200,2770821120,2765643776,2684817408,2719707136,2739326976,2759995392,2737283072,2796650496,2754371584,2849644544,2743259136,2708508672,2762518528,2725158912,2749411328,2788859904,2755432448,2792267776,2775691264,2742198272,2768891904,2819481600,2792632320,2780205056,2782670848,2767101952,2806734848,2733617152,2846826496,2807930880,2791743488,2767826944,2713038848,2720034816,2737397760,2758070272,2807042048,2773463040,2761089024,2755702784,2581368832,2804916224,2724573184,2767224832,2778238976,2763915264,2754420736,2747412480,,2.17E+11,,,,
22:18:00,9761882112,3356147712,2836033536,2780839936,2751234048,2739986432,2770866176,2787942400,2744610816,2560933888,2827128832,2829660160,2745176064,2774102016,2772504576,2759983104,2745241600,2733531136,2760257536,2785501184,2773225472,2787987456,2830024704,2772635648,2724769792,2724372480,2790375424,2760003584,2778038272,2765635584,2682736640,2720530432,2741473280,2760069120,2738393088,2796191744,2755334144,2850824192,2745655296,2710573056,2762715136,2729312256,2757554176,2788573184,2755682304,2791215104,2775965696,2742702080,2767888384,2819465216,2791858176,2782617600,2784399360,2767167488,2805989376,2732822528,2847129600,2807881728,2791464960,2767941632,2712539136,2720120832,2738384896,2756292608,2794512384,2772500480,2753798144,2759532544,2584596480,2805735424,2724143104,2767192064,2778710016,2764439552,2755526656,2749108224,,2.18E+11,,,,
22:18:15,9685004288,3368853504,2834759680,2778206208,2753196032,2740027392,2768789504,2787897344,2743943168,2573922304,2828046336,2828980224,2745298944,2772131840,2771828736,2753409024,2758008832,2736926720,2765758464,2772357120,2773078016,2786365440,2830139392,2773704704,2724864000,2725277696,2792058880,2757779456,2782076928,2763673600,2684035072,2721853440,2741895168,2759917568,2755235840,2795737088,2754691072,2861608960,2744356864,2713649152,2763194368,2725711872,2756227072,2789965824,2754904064,2790973440,2776981504,2742910976,2771877888,2821574656,2796859392,2783268864,2787287040,2767441920,2804404224,2733596672,2844082176,2809303040,2792660992,2768134144,2712727552,2721263616,2735996928,2755698688,2794008576,2771742720,2754420736,2757013504,2584014848,2805039104,2728882176,2768343040,2782789632,2769563648,2756091904,2748563456,,2.18E+11,,,,
22:18:30,10252570624,4891250688,4127399936,4486090752,3794018304,4038422528,4046880768,3886837760,4028645376,3640623104,3885711360,4102123520,4103831552,4050591744,3908435968,3892097024,3837546496,4011401216,4341919744,3823190016,3833831424,4080775168,4292620288,4139147264,4190212096,3889377280,3848658944,4171046912,3951673344,3937497088,3737341952,4150386688,4225544192,4452638720,4005511168,3843293184,4467544064,4040372224,4113457152,4132397056,3828375552,4136132608,3849863168,3858366464,4136300544,3889131520,3823198208,4046663680,4049768448,4086222848,4082909184,4056223744,4497969152,4071718912,4088373248,4329291776,4119416832,4512899072,3860672512,4039372800,4009594880,4020744192,3803410432,4032253952,4277121024,4935827456,4281425920,3781754880,4285145088,4582580224,4264374272,4059852800,4280123392,4067680256,4489035776,4016771072,,3.17E+11,,,,
22:18:45,10238070784,8798326784,4384133120,5049950208,4033052672,4880437248,4352524288,4344918016,4629233664,4060631040,4119650304,4638654464,4475211776,4338483200,4329107456,4327550976,8699826176,4445892608,4870905856,4045119488,4191076352,4650762240,4903489536,4499169280,4774469632,4263948288,4193710080,4614856704,4376842240,4309839872,3969875968,4762882048,4829167616,5229490176,4339548160,4089720832,4873347072,4394823680,4495527936,4597231616,4183318528,4587790336,4299448320,4218839040,4486643712,4358705152,4182589440,4622618624,4662280192,4698279936,4449837056,4579565568,5023985664,4320583680,4383309824,4849852416,4433858560,4906754048,4215656448,4625252352,4338057216,4585000960,4122738688,4479733760,4889546752,9309900800,4833357824,4121190400,4742172672,8563183616,4787961856,4489027584,4865687552,4913799168,4854951936,4319449088,,3.66E+11,,,,
22:19:00,10237734912,13282734080,8110456832,10054512640,7429263360,8606691328,8014618624,7953448960,8507527168,7708565504,7500922880,8267874304,8914743296,8065646592,7906480128,7920926720,11117498368,8196014080,9781710848,7346589696,7754948608,8297615360,9736773632,9254432768,9618010112,7904366592,7723352064,9387491328,8043712512,8018259968,7503622144,9563713536,9634770944,10092662784,8025636864,7391129600,9969025024,8086360064,8854409216,9332178944,7661625344,9316945920,7900692480,7805820928,9227870208,7967969280,7747657728,8267444224,8250396672,8304062464,8278343680,8207491072,10092126208,8047398912,8089948160,9723584512,8108466176,9790750720,7867265024,8272478208,8159219712,8184147968,7846305792,8196276224,9653125120,13162958848,9631682560,7666548736,9613606912,11174236160,9607081984,8226615296,9700139008,8658894848,9773821952,8023584768,,6.65E+11,,,,
22:19:15,10241748992,18603036672,13423038464,17273417728,12412575744,13779689472,13245968384,13341159424,13624606720,13030932480,12465176576,13727379456,15577919488,13271740416,13228306432,13206437888,14615040000,13332967424,16837812224,12385353728,12806963200,13678227456,16439500800,15857897472,16483057664,13151854592,12888592384,16328404992,13336842240,13256814592,12328439808,16256245760,16885444608,17160146944,13343141888,12474429440,16792993792,13361106944,15603900416,16207052800,12846551040,16247656448,13068787712,12830617600,16318300160,13123928064,12839903232,13587181568,13555523584,13703548928,13350383616,13543415808,16883007488,13356507136,13261508608,16833708032,13199486976,16979234816,13029908480,13643718656,13250297856,13597835264,12887445504,13304127488,16649527296,18258886656,16800251904,12935028736,16557617152,14472433664,16812675072,13477031936,16671391744,13838221312,16734650368,13208162304,,1.09E+12,,,,
22:19:30,10246459392,22054125568,15712591872,19946311680,15496069120,15590932480,15667761152,15665610752,15616565248,15437299712,15649153024,15721750528,19767861248,15605841920,15630401536,15558881280,16263131136,15567110144,19866447872,15607054336,15580467200,15702425600,19972476928,19857915904,19817922560,15549939712,15590948864,19897561088,15663390720,15684931584,15468126208,19821838336,19793473536,19813982208,15665491968,15664381952,19869126656,15792803840,19811106816,19736367104,15690211328,19827412992,15662424064,15642128384,19898388480,15640969216,15575748608,15610933248,15597797376,15726759936,15641223168,15579979776,19858001920,15624335360,15713251328,19887841280,15645806592,19932561408,15746985984,15676510208,15600881664,15605723136,15554367488,15562895360,19806437376,20572651520,19832307712,15732166656,19627700224,16090058752,19907461120,15633461248,19876700160,15682584576,19836076032,15640530944,,1.30E+12,,,,
22:19:45,10239442944,23317078016,16801730560,21816844288,16688775168,17572384768,16714129408,16752099328,17538764800,16476610560,16831045632,17147822080,21432205312,16745144320,16746426368,16719433728,16997150720,16990928896,21394120704,16719527936,16766033920,17064427520,21493534720,21436661760,21414387712,16702795776,16775335936,21432238080,16714702848,16757571584,16637317120,21375643648,21390303232,21992792064,16650534912,16763404288,21417148416,16833941504,21411311616,21339602944,16767672320,21346631680,16690323456,16792010752,21414064128,16751640576,16738983936,17009725440,16750899200,17558908928,16795783168,16739655680,21483102208,16732065792,16771026944,21434519552,16777400320,21459021824,16775958528,17545891840,16671744000,17296699392,16736055296,16730787840,21457006592,21968461824,21434683392,16766054400,21212082176,17168101376,21368168448,16725368832,21443665920,17579962368,21365936128,16731463680,,1.40E+12,,,,
22:20:00,10299944960,24954089472,18398982144,23542194176,18299392000,18318090240,18315669504,18334294016,18281291776,18132570112,18364923904,18372780032,23486537728,18361077760,18290024448,18302881792,18294812672,18296385536,23523147776,18318721024,18335899648,18327040000,23670538240,23515148288,23454519296,18262040576,18317737984,23489093632,18342506496,18301956096,18204020736,23448256512,23602503680,23537233920,18274279424,18330038272,23677722624,18382745600,23470403584,23465418752,18313342976,23464517632,18271092736,18357743616,23443640320,18358034432,18313678848,18310746112,18344919040,18333294592,18319192064,18341502976,23656886272,18306514944,18344648704,23508307968,18414178304,23540871168,18328883200,18289684480,18254241792,18285424640,18279550976,18311561216,23692308480,23546167296,23492399104,18331414528,23333642240,18405191680,23772532736,18341408768,23566364672,18331025408,23520223232,18292883456,,1.52E+12,,,,
,,,,,,,,,,,,,,,,,,,,,,,,,,,,,,,,,,,,,,,,,,,,,,,,,,,,,,,,,,,,,,,,,,,,,,,,,,,,,,0,,,,
